id,age,salary,experience_years,department,performance_score,work_hours_per_week,attrition
1,55.0,133000.0,2.0,IT,4.0,46.0,No
2,45.0,143000.0,9.0,HR,1.0,54.0,Yes
3,31.0,30000.0,29.0,Marketing,5.0,64.0,No
4,59.0,149000.0,30.0,Marketing,3.0,36.0,Yes
5,24.0,36000.0,25.0,IT,1.0,45.0,No
6,37.0,58000.0,28.0,Marketing,1.0,59.0,
7,55.0,39000.0,0.0,IT,3.0,65.0,
8,35.0,117000.0,7.0,Marketing,,61.0,
9,39.0,44000.0,26.0,,5.0,55.0,No
10,27.0,26000.0,29.0,IT,3.0,32.0,Yes
11,27.0,118000.0,32.0,IT,4.0,50.0,Yes
12,40.0,105000.0,13.0,Sales,2.0,54.0,Yes
13,52.0,60000.0,23.0,Marketing,3.0,60.0,
14,56.0,32000.0,34.0,Marketing,1.0,52.0,No
15,40.0,96000.0,6.0,IT,1.0,63.0,Yes
16,19.0,20000.0,7.0,,3.0,65.0,No
17,38.0,137000.0,35.0,,2.0,60.0,Yes
18,18.0,55000.0,37.0,Finance,3.0,35.0,
19,40.0,87000.0,30.0,,2.0,61.0,No
20,60.0,59000.0,15.0,Marketing,2.0,59.0,Yes
21,46.0,80000.0,33.0,Sales,4.0,40.0,Yes
22,54.0,78000.0,35.0,IT,5.0,39.0,Yes
23,18.0,143000.0,17.0,HR,1.0,52.0,Yes
24,37.0,129000.0,27.0,Sales,1.0,36.0,
25,49.0,32000.0,5.0,HR,2.0,60.0,Yes
26,28.0,102000.0,26.0,Sales,1.0,66.0,Yes
27,38.0,148000.0,7.0,,,50.0,
28,60.0,88000.0,26.0,Marketing,2.0,62.0,Yes
29,41.0,141000.0,4.0,HR,1.0,47.0,No
30,43.0,107000.0,27.0,Sales,,48.0,No
31,58.0,46000.0,15.0,Marketing,4.0,42.0,Yes
32,44.0,84000.0,14.0,HR,1.0,61.0,
33,32.0,23000.0,21.0,IT,,38.0,
34,31.0,63000.0,29.0,Sales,3.0,44.0,
35,63.0,65000.0,1.0,IT,5.0,32.0,Yes
36,60.0,49000.0,19.0,,3.0,55.0,Yes
37,19.0,28000.0,24.0,IT,,56.0,No
38,53.0,136000.0,34.0,IT,2.0,44.0,
39,23.0,32000.0,35.0,Finance,2.0,61.0,Yes
40,37.0,98000.0,20.0,Sales,1.0,47.0,Yes
41,25.0,111000.0,10.0,,3.0,49.0,Yes
42,55.0,28000.0,11.0,IT,2.0,50.0,
43,34.0,94000.0,9.0,Marketing,2.0,37.0,
44,20.0,112000.0,14.0,HR,3.0,37.0,No
45,41.0,123000.0,6.0,IT,4.0,37.0,
46,30.0,,38.0,,2.0,55.0,Yes
47,25.0,38000.0,38.0,IT,5.0,45.0,No
48,42.0,26000.0,0.0,HR,,36.0,
49,18.0,,28.0,,1.0,44.0,
50,36.0,75000.0,28.0,Sales,2.0,46.0,
51,44.0,82000.0,10.0,,5.0,61.0,
52,63.0,136000.0,8.0,Sales,5.0,,Yes
53,23.0,46000.0,9.0,,2.0,40.0,
54,60.0,139000.0,13.0,HR,4.0,34.0,Yes
55,24.0,125000.0,14.0,HR,,69.0,Yes
56,63.0,67000.0,15.0,,1.0,33.0,Yes
57,51.0,138000.0,24.0,IT,2.0,44.0,No
58,30.0,62000.0,0.0,HR,1.0,46.0,Yes
59,33.0,74000.0,10.0,Sales,3.0,46.0,
60,52.0,129000.0,24.0,Sales,5.0,,No
61,56.0,126000.0,21.0,Marketing,5.0,47.0,
62,20.0,132000.0,16.0,Finance,2.0,36.0,Yes
63,18.0,96000.0,30.0,Finance,2.0,31.0,
64,22.0,148000.0,36.0,Finance,3.0,53.0,No
65,58.0,55000.0,1.0,Sales,4.0,33.0,No
66,20.0,38000.0,36.0,Marketing,2.0,68.0,
67,45.0,44000.0,1.0,Finance,5.0,47.0,
68,34.0,47000.0,28.0,Finance,1.0,46.0,
69,42.0,,,,,59.0,No
70,60.0,137000.0,28.0,,1.0,61.0,Yes
71,50.0,53000.0,30.0,,4.0,46.0,
72,26.0,77000.0,26.0,IT,,67.0,Yes
73,52.0,87000.0,19.0,Finance,1.0,44.0,No
74,30.0,30000.0,11.0,IT,1.0,44.0,
75,47.0,38000.0,25.0,Marketing,3.0,66.0,
76,64.0,61000.0,34.0,Sales,4.0,69.0,No
77,31.0,144000.0,5.0,Finance,5.0,35.0,
78,24.0,68000.0,20.0,Sales,3.0,42.0,Yes
79,30.0,47000.0,8.0,,,53.0,No
80,39.0,57000.0,37.0,Finance,5.0,60.0,No
81,56.0,56000.0,13.0,HR,3.0,66.0,
82,37.0,102000.0,13.0,IT,4.0,50.0,No
83,32.0,146000.0,2.0,IT,2.0,44.0,
84,61.0,144000.0,30.0,Finance,2.0,57.0,
85,34.0,63000.0,21.0,,,44.0,No
86,63.0,70000.0,4.0,IT,2.0,40.0,
87,40.0,98000.0,22.0,,3.0,45.0,Yes
88,42.0,142000.0,18.0,Marketing,,65.0,Yes
89,41.0,137000.0,35.0,Sales,5.0,55.0,
90,61.0,26000.0,18.0,HR,4.0,53.0,Yes
91,57.0,103000.0,10.0,Sales,,41.0,
92,45.0,147000.0,31.0,Sales,5.0,36.0,Yes
93,31.0,26000.0,26.0,Marketing,,33.0,No
94,61.0,114000.0,6.0,IT,1.0,40.0,
95,,120000.0,,HR,1.0,69.0,
96,41.0,23000.0,35.0,IT,,31.0,
97,23.0,104000.0,20.0,Finance,2.0,63.0,
98,25.0,52000.0,4.0,Sales,1.0,61.0,
99,40.0,73000.0,19.0,Finance,4.0,50.0,
100,,137000.0,30.0,,5.0,37.0,No
101,60.0,132000.0,33.0,Sales,3.0,69.0,No
102,24.0,44000.0,13.0,IT,1.0,46.0,Yes
103,40.0,65000.0,3.0,Sales,,57.0,
104,27.0,131000.0,4.0,,2.0,67.0,Yes
105,33.0,94000.0,23.0,Marketing,3.0,55.0,Yes
106,24.0,90000.0,38.0,Finance,5.0,64.0,No
107,51.0,107000.0,27.0,Finance,5.0,45.0,Yes
108,51.0,64000.0,5.0,IT,1.0,62.0,No
109,49.0,51000.0,38.0,Sales,5.0,31.0,Yes
110,21.0,,11.0,IT,5.0,33.0,
111,58.0,49000.0,36.0,Marketing,2.0,42.0,Yes
112,55.0,71000.0,16.0,Sales,2.0,31.0,No
113,57.0,66000.0,0.0,Sales,2.0,51.0,No
114,44.0,87000.0,6.0,IT,,67.0,No
115,23.0,123000.0,9.0,IT,5.0,58.0,Yes
116,25.0,108000.0,31.0,,5.0,51.0,Yes
117,24.0,81000.0,36.0,Marketing,5.0,55.0,No
118,28.0,91000.0,25.0,,4.0,38.0,
119,50.0,107000.0,18.0,Finance,2.0,53.0,
120,49.0,31000.0,10.0,Sales,3.0,41.0,Yes
121,64.0,91000.0,29.0,IT,1.0,44.0,Yes
122,39.0,95000.0,25.0,Sales,3.0,69.0,No
123,40.0,86000.0,30.0,Sales,,62.0,Yes
124,53.0,116000.0,8.0,HR,,65.0,Yes
125,51.0,143000.0,1.0,Finance,5.0,50.0,No
126,60.0,120000.0,25.0,HR,3.0,45.0,No
127,56.0,120000.0,33.0,Sales,5.0,51.0,Yes
128,38.0,37000.0,29.0,IT,4.0,64.0,
129,43.0,100000.0,13.0,Sales,,37.0,Yes
130,51.0,41000.0,14.0,Finance,,30.0,
131,,101000.0,11.0,HR,3.0,60.0,
132,51.0,127000.0,33.0,IT,,50.0,
133,53.0,93000.0,9.0,Sales,4.0,41.0,No
134,63.0,147000.0,19.0,Marketing,4.0,36.0,No
135,30.0,106000.0,9.0,Finance,4.0,,No
136,19.0,72000.0,28.0,Finance,1.0,45.0,Yes
137,,107000.0,33.0,Marketing,4.0,40.0,No
138,21.0,83000.0,20.0,Sales,4.0,32.0,No
139,42.0,94000.0,36.0,Finance,1.0,41.0,Yes
140,30.0,78000.0,29.0,IT,5.0,59.0,Yes
141,55.0,111000.0,12.0,Sales,2.0,69.0,
142,43.0,67000.0,22.0,Sales,,35.0,Yes
143,25.0,53000.0,30.0,HR,4.0,51.0,Yes
144,31.0,120000.0,34.0,Finance,,52.0,No
145,31.0,29000.0,30.0,Finance,3.0,33.0,
146,42.0,117000.0,13.0,Marketing,,33.0,
147,58.0,128000.0,33.0,HR,5.0,45.0,Yes
148,29.0,92000.0,1.0,HR,1.0,58.0,No
149,48.0,27000.0,14.0,Finance,,37.0,No
150,55.0,21000.0,3.0,Sales,,34.0,No
151,48.0,103000.0,19.0,HR,,53.0,No
152,20.0,44000.0,8.0,Marketing,2.0,47.0,Yes
153,46.0,90000.0,17.0,HR,2.0,44.0,No
154,53.0,66000.0,23.0,Marketing,3.0,49.0,
155,39.0,135000.0,2.0,HR,1.0,30.0,
156,55.0,30000.0,27.0,Marketing,,38.0,Yes
157,61.0,66000.0,17.0,HR,,44.0,No
158,31.0,55000.0,0.0,HR,,65.0,No
159,59.0,62000.0,8.0,IT,,43.0,No
160,45.0,33000.0,23.0,Marketing,2.0,41.0,No
161,52.0,61000.0,18.0,Marketing,5.0,41.0,Yes
162,29.0,105000.0,17.0,Marketing,5.0,60.0,No
163,48.0,88000.0,21.0,,3.0,36.0,Yes
164,23.0,64000.0,22.0,HR,4.0,46.0,No
165,38.0,126000.0,9.0,Marketing,1.0,64.0,No
166,44.0,141000.0,32.0,Finance,5.0,54.0,
167,18.0,39000.0,26.0,,,38.0,Yes
168,58.0,125000.0,3.0,IT,5.0,59.0,
169,61.0,98000.0,3.0,Marketing,3.0,61.0,Yes
170,22.0,65000.0,19.0,Marketing,4.0,57.0,No
171,44.0,135000.0,10.0,,5.0,33.0,No
172,44.0,142000.0,2.0,HR,3.0,41.0,Yes
173,60.0,43000.0,18.0,Finance,2.0,,
174,60.0,54000.0,36.0,IT,4.0,51.0,Yes
175,36.0,69000.0,23.0,Marketing,3.0,68.0,Yes
176,46.0,33000.0,12.0,HR,5.0,31.0,No
177,27.0,86000.0,9.0,Finance,2.0,31.0,
178,44.0,39000.0,30.0,Finance,3.0,35.0,Yes
179,41.0,37000.0,9.0,IT,3.0,64.0,
180,55.0,52000.0,16.0,Sales,5.0,63.0,
181,49.0,96000.0,25.0,Finance,4.0,43.0,Yes
182,,143000.0,16.0,Sales,2.0,68.0,
183,43.0,135000.0,21.0,Finance,,31.0,No
184,29.0,70000.0,9.0,IT,1.0,57.0,No
185,57.0,45000.0,19.0,,4.0,58.0,No
186,19.0,53000.0,3.0,IT,2.0,67.0,No
187,55.0,124000.0,21.0,IT,3.0,46.0,
188,22.0,20000.0,39.0,,2.0,39.0,No
189,24.0,95000.0,23.0,,1.0,66.0,Yes
190,43.0,108000.0,39.0,HR,5.0,68.0,No
191,25.0,107000.0,8.0,Finance,1.0,,Yes
192,53.0,112000.0,20.0,HR,,57.0,Yes
193,49.0,25000.0,17.0,,,38.0,No
194,58.0,113000.0,,Sales,1.0,56.0,No
195,60.0,126000.0,5.0,Sales,4.0,59.0,
196,40.0,92000.0,2.0,IT,4.0,47.0,Yes
197,31.0,57000.0,,Marketing,3.0,31.0,No
198,48.0,89000.0,13.0,IT,,64.0,
199,48.0,74000.0,38.0,IT,3.0,43.0,No
200,40.0,60000.0,10.0,Marketing,,61.0,No
201,57.0,54000.0,20.0,Finance,1.0,69.0,No
202,28.0,102000.0,20.0,,4.0,54.0,Yes
203,55.0,136000.0,15.0,Sales,4.0,44.0,No
204,18.0,25000.0,27.0,IT,1.0,64.0,
205,19.0,72000.0,12.0,Marketing,3.0,61.0,No
206,53.0,147000.0,18.0,HR,3.0,48.0,No
207,33.0,138000.0,31.0,IT,2.0,41.0,
208,18.0,124000.0,13.0,Sales,,61.0,
209,18.0,65000.0,10.0,,3.0,33.0,Yes
210,44.0,141000.0,38.0,IT,1.0,65.0,Yes
211,39.0,137000.0,18.0,IT,3.0,42.0,Yes
212,53.0,136000.0,28.0,Finance,4.0,55.0,Yes
213,48.0,39000.0,36.0,Marketing,,51.0,
214,49.0,44000.0,1.0,HR,5.0,42.0,No
215,,27000.0,26.0,HR,2.0,68.0,No
216,35.0,33000.0,24.0,,,32.0,No
217,18.0,28000.0,28.0,Sales,4.0,67.0,Yes
218,60.0,140000.0,11.0,,4.0,47.0,
219,42.0,139000.0,11.0,IT,4.0,32.0,
220,48.0,143000.0,0.0,IT,4.0,58.0,
221,22.0,90000.0,35.0,HR,1.0,47.0,No
222,48.0,67000.0,36.0,Sales,2.0,59.0,Yes
223,20.0,109000.0,0.0,Marketing,5.0,59.0,
224,27.0,55000.0,34.0,Sales,4.0,37.0,Yes
225,33.0,86000.0,24.0,IT,4.0,41.0,
226,54.0,68000.0,9.0,Marketing,3.0,42.0,Yes
227,40.0,37000.0,6.0,Sales,2.0,38.0,
228,21.0,118000.0,38.0,Sales,,59.0,Yes
229,50.0,78000.0,20.0,Marketing,2.0,65.0,
230,22.0,107000.0,18.0,IT,2.0,51.0,
231,38.0,87000.0,6.0,Sales,5.0,55.0,Yes
232,27.0,67000.0,27.0,Marketing,2.0,34.0,Yes
233,64.0,126000.0,38.0,Finance,5.0,54.0,No
234,32.0,137000.0,24.0,Finance,4.0,30.0,Yes
235,49.0,55000.0,28.0,IT,4.0,41.0,
236,25.0,29000.0,15.0,Marketing,1.0,47.0,
237,22.0,96000.0,18.0,Finance,5.0,,Yes
238,32.0,95000.0,14.0,Marketing,5.0,68.0,No
239,45.0,20000.0,5.0,Sales,,60.0,Yes
240,19.0,82000.0,14.0,IT,3.0,50.0,
241,36.0,53000.0,25.0,Finance,2.0,57.0,
242,52.0,25000.0,21.0,Sales,,30.0,No
243,35.0,103000.0,22.0,,5.0,68.0,Yes
244,42.0,85000.0,7.0,,,66.0,
245,19.0,60000.0,33.0,IT,1.0,39.0,
246,35.0,136000.0,18.0,Finance,3.0,45.0,
247,36.0,143000.0,35.0,Finance,5.0,36.0,Yes
248,48.0,42000.0,15.0,Finance,5.0,50.0,Yes
249,23.0,64000.0,29.0,Marketing,2.0,32.0,No
250,57.0,37000.0,6.0,Sales,3.0,39.0,
251,49.0,86000.0,13.0,Finance,1.0,36.0,
252,56.0,120000.0,29.0,Sales,4.0,37.0,No
253,55.0,60000.0,28.0,IT,,54.0,
254,34.0,50000.0,18.0,Finance,2.0,30.0,No
255,56.0,127000.0,37.0,IT,5.0,44.0,No
256,,54000.0,10.0,Finance,4.0,59.0,
257,27.0,115000.0,15.0,,1.0,34.0,Yes
258,44.0,149000.0,28.0,HR,3.0,49.0,Yes
259,41.0,91000.0,27.0,IT,,54.0,Yes
260,39.0,115000.0,17.0,Finance,2.0,47.0,Yes
261,47.0,141000.0,9.0,HR,5.0,56.0,
262,46.0,88000.0,32.0,IT,5.0,36.0,No
263,58.0,31000.0,5.0,Marketing,4.0,42.0,No
264,51.0,67000.0,32.0,Finance,4.0,52.0,
265,23.0,78000.0,18.0,Marketing,,65.0,Yes
266,32.0,148000.0,36.0,,3.0,54.0,No
267,42.0,23000.0,22.0,Finance,1.0,59.0,
268,64.0,45000.0,8.0,,3.0,60.0,
269,18.0,26000.0,30.0,HR,3.0,69.0,Yes
270,,68000.0,13.0,IT,3.0,30.0,
271,64.0,85000.0,35.0,Sales,,53.0,No
272,28.0,62000.0,18.0,,,30.0,No
273,21.0,143000.0,1.0,Sales,1.0,,
274,53.0,76000.0,35.0,Sales,3.0,64.0,No
275,48.0,21000.0,38.0,IT,,40.0,
276,25.0,104000.0,6.0,HR,1.0,37.0,No
277,57.0,88000.0,38.0,IT,5.0,64.0,Yes
278,51.0,148000.0,21.0,Finance,1.0,69.0,No
279,35.0,20000.0,38.0,,3.0,56.0,Yes
280,64.0,120000.0,9.0,Sales,2.0,66.0,Yes
281,32.0,53000.0,6.0,IT,3.0,61.0,
282,19.0,116000.0,27.0,IT,2.0,50.0,Yes
283,36.0,48000.0,28.0,IT,1.0,53.0,No
284,40.0,134000.0,8.0,,5.0,46.0,No
285,49.0,26000.0,37.0,HR,5.0,34.0,Yes
286,40.0,62000.0,26.0,IT,,46.0,
287,27.0,54000.0,34.0,,5.0,44.0,Yes
288,24.0,95000.0,11.0,Sales,4.0,43.0,No
289,52.0,49000.0,30.0,Finance,1.0,36.0,No
290,54.0,65000.0,34.0,Marketing,,41.0,Yes
291,56.0,73000.0,35.0,,5.0,35.0,Yes
292,36.0,124000.0,24.0,Marketing,1.0,45.0,Yes
293,51.0,139000.0,20.0,IT,3.0,60.0,No
294,64.0,73000.0,2.0,IT,5.0,50.0,No
295,41.0,30000.0,29.0,,2.0,41.0,No
296,51.0,21000.0,16.0,Marketing,1.0,51.0,
297,41.0,48000.0,36.0,IT,,57.0,No
298,45.0,41000.0,22.0,Sales,3.0,50.0,No
299,34.0,110000.0,21.0,HR,4.0,,
300,62.0,133000.0,20.0,HR,3.0,57.0,
301,34.0,122000.0,0.0,IT,5.0,33.0,
302,18.0,136000.0,29.0,Marketing,2.0,63.0,
303,51.0,23000.0,9.0,Finance,3.0,38.0,
304,32.0,122000.0,26.0,IT,4.0,47.0,
305,57.0,126000.0,30.0,Finance,,65.0,Yes
306,52.0,83000.0,3.0,Finance,1.0,35.0,Yes
307,49.0,139000.0,36.0,Marketing,2.0,63.0,Yes
308,20.0,48000.0,8.0,Finance,4.0,41.0,Yes
309,49.0,102000.0,38.0,Sales,5.0,38.0,No
310,30.0,50000.0,22.0,Marketing,5.0,30.0,
311,37.0,34000.0,33.0,IT,5.0,34.0,No
312,64.0,56000.0,21.0,Sales,2.0,36.0,
313,36.0,54000.0,15.0,,3.0,64.0,
314,24.0,132000.0,,HR,2.0,53.0,No
315,23.0,84000.0,29.0,IT,5.0,68.0,Yes
316,19.0,123000.0,29.0,IT,4.0,35.0,No
317,33.0,103000.0,32.0,IT,1.0,51.0,No
318,49.0,20000.0,7.0,Sales,1.0,47.0,
319,64.0,93000.0,20.0,,2.0,50.0,
320,28.0,85000.0,11.0,Marketing,5.0,41.0,
321,38.0,73000.0,23.0,,,49.0,Yes
322,38.0,24000.0,16.0,Sales,2.0,,No
323,62.0,104000.0,10.0,IT,5.0,47.0,No
324,46.0,78000.0,38.0,HR,3.0,61.0,Yes
325,54.0,119000.0,15.0,IT,1.0,32.0,No
326,54.0,30000.0,13.0,Marketing,1.0,31.0,No
327,61.0,67000.0,13.0,Finance,1.0,55.0,
328,24.0,60000.0,13.0,HR,,69.0,Yes
329,43.0,100000.0,37.0,IT,5.0,63.0,
330,43.0,53000.0,11.0,HR,5.0,56.0,Yes
331,50.0,85000.0,15.0,Finance,5.0,34.0,
332,37.0,98000.0,30.0,,5.0,34.0,No
333,46.0,25000.0,7.0,Sales,,51.0,Yes
334,49.0,32000.0,38.0,IT,4.0,61.0,Yes
335,44.0,91000.0,18.0,Marketing,2.0,44.0,
336,63.0,84000.0,24.0,,2.0,52.0,Yes
337,49.0,109000.0,25.0,IT,5.0,33.0,No
338,21.0,148000.0,19.0,,3.0,69.0,No
339,64.0,38000.0,16.0,Marketing,1.0,41.0,No
340,35.0,28000.0,11.0,IT,,40.0,
341,20.0,43000.0,14.0,Finance,3.0,33.0,Yes
342,51.0,43000.0,7.0,Finance,3.0,65.0,
343,33.0,72000.0,10.0,Marketing,5.0,59.0,No
344,60.0,51000.0,36.0,HR,,56.0,Yes
345,44.0,113000.0,17.0,Marketing,2.0,56.0,No
346,46.0,32000.0,5.0,HR,1.0,58.0,Yes
347,45.0,83000.0,33.0,IT,2.0,46.0,Yes
348,62.0,128000.0,16.0,HR,3.0,55.0,
349,22.0,98000.0,14.0,IT,1.0,63.0,Yes
350,51.0,72000.0,37.0,IT,4.0,54.0,No
351,57.0,143000.0,2.0,Sales,3.0,67.0,Yes
352,53.0,149000.0,23.0,IT,2.0,46.0,No
353,40.0,43000.0,30.0,HR,2.0,61.0,
354,45.0,135000.0,38.0,Sales,5.0,53.0,No
355,62.0,43000.0,11.0,Sales,2.0,59.0,Yes
356,47.0,97000.0,15.0,IT,,65.0,No
357,51.0,86000.0,35.0,Marketing,3.0,30.0,No
358,49.0,30000.0,4.0,Marketing,1.0,61.0,Yes
359,37.0,50000.0,17.0,Finance,2.0,67.0,No
360,48.0,146000.0,11.0,Sales,5.0,60.0,Yes
361,39.0,114000.0,24.0,IT,5.0,46.0,
362,49.0,110000.0,12.0,Marketing,2.0,45.0,No
363,19.0,49000.0,29.0,IT,,62.0,
364,34.0,96000.0,2.0,IT,5.0,67.0,No
365,41.0,38000.0,37.0,Sales,1.0,35.0,No
366,58.0,78000.0,6.0,Finance,3.0,63.0,
367,47.0,111000.0,23.0,Sales,4.0,58.0,No
368,19.0,61000.0,11.0,,,40.0,No
369,56.0,148000.0,30.0,Marketing,5.0,63.0,
370,62.0,78000.0,36.0,Marketing,3.0,39.0,No
371,40.0,49000.0,36.0,Marketing,4.0,32.0,Yes
372,48.0,23000.0,26.0,HR,2.0,53.0,No
373,63.0,28000.0,28.0,IT,2.0,60.0,No
374,38.0,107000.0,1.0,Sales,1.0,48.0,No
375,39.0,148000.0,26.0,Marketing,4.0,59.0,
376,18.0,144000.0,1.0,,2.0,32.0,Yes
377,43.0,29000.0,32.0,Marketing,2.0,66.0,Yes
378,58.0,74000.0,14.0,Finance,5.0,,No
379,18.0,101000.0,20.0,IT,1.0,31.0,
380,42.0,117000.0,30.0,IT,3.0,65.0,
381,33.0,91000.0,36.0,Sales,2.0,50.0,Yes
382,56.0,133000.0,6.0,HR,,45.0,
383,49.0,25000.0,6.0,Sales,,42.0,No
384,25.0,98000.0,4.0,Marketing,3.0,69.0,No
385,59.0,115000.0,12.0,Finance,4.0,63.0,
386,64.0,22000.0,30.0,,1.0,41.0,No
387,55.0,22000.0,33.0,Sales,5.0,63.0,Yes
388,45.0,121000.0,8.0,HR,,30.0,No
389,58.0,58000.0,1.0,Sales,,41.0,
390,42.0,35000.0,10.0,IT,3.0,44.0,Yes
391,51.0,119000.0,29.0,Marketing,4.0,46.0,No
392,41.0,121000.0,27.0,Marketing,4.0,35.0,Yes
393,40.0,142000.0,3.0,Marketing,3.0,64.0,
394,29.0,70000.0,23.0,Marketing,,69.0,No
395,23.0,70000.0,39.0,Marketing,1.0,58.0,No
396,52.0,142000.0,29.0,Marketing,,69.0,Yes
397,61.0,81000.0,19.0,,4.0,35.0,No
398,36.0,134000.0,18.0,HR,5.0,43.0,No
399,,80000.0,37.0,Marketing,,68.0,No
400,24.0,25000.0,20.0,HR,1.0,47.0,No
401,62.0,110000.0,2.0,Finance,2.0,65.0,
402,32.0,32000.0,11.0,Marketing,,30.0,No
403,30.0,104000.0,18.0,Sales,3.0,41.0,Yes
404,28.0,148000.0,11.0,Marketing,2.0,68.0,
405,39.0,80000.0,15.0,IT,3.0,69.0,Yes
406,31.0,97000.0,34.0,,3.0,59.0,Yes
407,44.0,76000.0,31.0,Sales,3.0,44.0,Yes
408,50.0,138000.0,,Sales,,34.0,
409,18.0,83000.0,13.0,IT,4.0,56.0,
410,48.0,31000.0,11.0,Marketing,2.0,60.0,
411,39.0,100000.0,15.0,,1.0,38.0,No
412,38.0,70000.0,22.0,Sales,4.0,46.0,Yes
413,41.0,135000.0,6.0,,,32.0,
414,38.0,44000.0,25.0,Sales,3.0,37.0,Yes
415,38.0,52000.0,21.0,Marketing,1.0,35.0,
416,58.0,70000.0,6.0,Finance,2.0,36.0,
417,22.0,130000.0,6.0,Sales,4.0,35.0,
418,31.0,100000.0,24.0,Finance,5.0,69.0,Yes
419,59.0,60000.0,11.0,Sales,4.0,68.0,No
420,53.0,39000.0,37.0,HR,1.0,31.0,
421,49.0,60000.0,35.0,Marketing,,45.0,
422,24.0,131000.0,26.0,IT,2.0,30.0,
423,60.0,123000.0,23.0,Finance,1.0,43.0,No
424,60.0,35000.0,14.0,IT,3.0,57.0,Yes
425,21.0,138000.0,0.0,Marketing,2.0,50.0,Yes
426,55.0,147000.0,16.0,IT,4.0,32.0,Yes
427,20.0,148000.0,15.0,Marketing,1.0,34.0,Yes
428,22.0,78000.0,28.0,IT,4.0,66.0,
429,61.0,66000.0,37.0,Finance,4.0,54.0,No
430,48.0,47000.0,11.0,HR,4.0,39.0,
431,46.0,115000.0,30.0,IT,,54.0,No
432,63.0,28000.0,27.0,Finance,4.0,45.0,Yes
433,51.0,76000.0,28.0,Sales,3.0,52.0,No
434,56.0,39000.0,16.0,Marketing,3.0,56.0,
435,32.0,46000.0,11.0,,2.0,63.0,
436,29.0,52000.0,19.0,,5.0,59.0,Yes
437,58.0,26000.0,28.0,Marketing,4.0,41.0,
438,46.0,97000.0,19.0,HR,4.0,63.0,
439,35.0,105000.0,15.0,IT,1.0,44.0,No
440,33.0,106000.0,38.0,HR,,43.0,
441,35.0,87000.0,17.0,,5.0,46.0,Yes
442,44.0,105000.0,13.0,Finance,2.0,65.0,Yes
443,42.0,119000.0,7.0,Marketing,5.0,69.0,
444,53.0,26000.0,8.0,Marketing,4.0,55.0,Yes
445,42.0,95000.0,29.0,HR,1.0,63.0,No
446,39.0,105000.0,21.0,Finance,,63.0,No
447,25.0,61000.0,28.0,HR,2.0,56.0,
448,28.0,147000.0,31.0,IT,5.0,67.0,
449,,127000.0,7.0,Sales,2.0,66.0,No
450,,35000.0,,Finance,4.0,37.0,Yes
451,63.0,39000.0,33.0,Sales,2.0,40.0,
452,50.0,76000.0,9.0,IT,1.0,43.0,
453,48.0,128000.0,32.0,Sales,2.0,49.0,Yes
454,64.0,46000.0,14.0,,3.0,63.0,
455,41.0,69000.0,7.0,Sales,1.0,61.0,Yes
456,56.0,23000.0,30.0,IT,5.0,47.0,Yes
457,61.0,23000.0,13.0,Sales,,51.0,Yes
458,,112000.0,10.0,Marketing,,41.0,Yes
459,32.0,114000.0,31.0,HR,4.0,,Yes
460,55.0,26000.0,12.0,,4.0,57.0,No
461,21.0,82000.0,6.0,Marketing,3.0,52.0,Yes
462,38.0,56000.0,6.0,Marketing,5.0,44.0,No
463,45.0,129000.0,25.0,IT,,53.0,Yes
464,19.0,130000.0,10.0,HR,,51.0,
465,28.0,99000.0,,HR,,56.0,No
466,42.0,122000.0,38.0,Finance,,44.0,
467,32.0,91000.0,9.0,,2.0,66.0,Yes
468,53.0,67000.0,37.0,IT,5.0,39.0,Yes
469,38.0,54000.0,29.0,,1.0,31.0,
470,45.0,144000.0,15.0,Finance,1.0,43.0,Yes
471,30.0,86000.0,31.0,Sales,3.0,,
472,44.0,96000.0,30.0,Marketing,2.0,35.0,Yes
473,21.0,123000.0,27.0,,,,Yes
474,63.0,140000.0,19.0,Marketing,,60.0,No
475,46.0,137000.0,19.0,IT,4.0,37.0,
476,62.0,132000.0,38.0,Sales,4.0,57.0,Yes
477,21.0,28000.0,21.0,IT,3.0,54.0,
478,28.0,109000.0,4.0,Sales,,51.0,No
479,32.0,20000.0,20.0,Sales,3.0,57.0,
480,42.0,136000.0,36.0,Marketing,2.0,66.0,No
481,42.0,31000.0,35.0,IT,1.0,61.0,
482,64.0,113000.0,6.0,IT,,35.0,
483,37.0,50000.0,39.0,,5.0,40.0,No
484,55.0,50000.0,33.0,IT,2.0,59.0,Yes
485,52.0,142000.0,9.0,,,60.0,Yes
486,49.0,29000.0,22.0,HR,5.0,48.0,Yes
487,46.0,28000.0,19.0,HR,4.0,45.0,
488,53.0,33000.0,0.0,HR,3.0,64.0,
489,39.0,35000.0,38.0,Finance,4.0,31.0,Yes
490,26.0,77000.0,17.0,IT,1.0,,
491,21.0,96000.0,37.0,Finance,4.0,55.0,
492,52.0,142000.0,26.0,IT,,68.0,Yes
493,50.0,132000.0,15.0,,5.0,61.0,No
494,47.0,40000.0,4.0,Finance,4.0,48.0,
495,26.0,50000.0,17.0,Finance,,42.0,
496,35.0,131000.0,36.0,Finance,1.0,64.0,
497,48.0,138000.0,26.0,Sales,5.0,33.0,
498,,140000.0,0.0,,4.0,51.0,No
499,21.0,50000.0,36.0,HR,3.0,43.0,Yes
500,61.0,137000.0,35.0,,3.0,34.0,
501,20.0,57000.0,2.0,Sales,5.0,61.0,Yes
502,32.0,30000.0,20.0,IT,3.0,47.0,
503,40.0,36000.0,24.0,,4.0,41.0,No
504,32.0,144000.0,34.0,Finance,4.0,57.0,Yes
505,18.0,64000.0,11.0,HR,5.0,34.0,No
506,44.0,122000.0,30.0,HR,4.0,43.0,
507,48.0,104000.0,15.0,IT,,44.0,No
508,43.0,107000.0,39.0,,1.0,52.0,No
509,36.0,40000.0,34.0,Sales,3.0,51.0,
510,40.0,110000.0,17.0,IT,,38.0,
511,28.0,47000.0,33.0,,5.0,69.0,Yes
512,51.0,31000.0,38.0,Marketing,3.0,69.0,
513,49.0,20000.0,26.0,HR,,45.0,Yes
514,49.0,47000.0,,Sales,4.0,58.0,No
515,59.0,45000.0,16.0,Finance,5.0,38.0,No
516,53.0,68000.0,38.0,Sales,5.0,47.0,Yes
517,28.0,113000.0,31.0,Finance,3.0,57.0,
518,19.0,106000.0,10.0,Sales,4.0,30.0,
519,,62000.0,6.0,HR,3.0,64.0,No
520,49.0,40000.0,22.0,Finance,2.0,47.0,Yes
521,56.0,115000.0,14.0,,,35.0,No
522,26.0,21000.0,2.0,Finance,2.0,54.0,No
523,59.0,136000.0,36.0,IT,,43.0,
524,60.0,37000.0,25.0,,1.0,66.0,Yes
525,45.0,41000.0,7.0,IT,5.0,31.0,No
526,29.0,48000.0,14.0,Sales,3.0,66.0,
527,28.0,57000.0,10.0,,1.0,44.0,No
528,47.0,126000.0,29.0,Sales,1.0,30.0,No
529,62.0,129000.0,22.0,Marketing,5.0,59.0,
530,18.0,43000.0,12.0,Sales,5.0,56.0,
531,51.0,146000.0,23.0,Sales,,35.0,Yes
532,39.0,129000.0,32.0,IT,2.0,58.0,No
533,33.0,124000.0,1.0,Finance,4.0,35.0,Yes
534,42.0,90000.0,22.0,Marketing,,64.0,
535,24.0,147000.0,7.0,Sales,4.0,57.0,
536,45.0,126000.0,24.0,Sales,1.0,52.0,No
537,42.0,23000.0,18.0,Marketing,4.0,67.0,Yes
538,26.0,21000.0,38.0,Marketing,2.0,32.0,Yes
539,42.0,122000.0,8.0,,,57.0,No
540,50.0,82000.0,17.0,IT,5.0,33.0,No
541,57.0,124000.0,1.0,Marketing,2.0,57.0,Yes
542,23.0,116000.0,22.0,Marketing,2.0,58.0,
543,20.0,28000.0,3.0,HR,,57.0,
544,61.0,146000.0,1.0,Finance,5.0,54.0,No
545,27.0,64000.0,25.0,Marketing,2.0,47.0,Yes
546,45.0,84000.0,14.0,IT,5.0,54.0,Yes
547,52.0,130000.0,13.0,Finance,3.0,65.0,Yes
548,41.0,31000.0,33.0,Finance,3.0,55.0,
549,37.0,104000.0,10.0,Sales,3.0,58.0,
550,52.0,108000.0,39.0,Sales,4.0,58.0,Yes
551,26.0,76000.0,24.0,Sales,2.0,31.0,Yes
552,53.0,72000.0,32.0,Sales,,35.0,No
553,25.0,30000.0,21.0,HR,,37.0,No
554,40.0,32000.0,29.0,Marketing,4.0,69.0,Yes
555,51.0,139000.0,18.0,Sales,,41.0,Yes
556,51.0,139000.0,10.0,,3.0,43.0,
557,64.0,38000.0,21.0,Sales,2.0,33.0,Yes
558,52.0,93000.0,2.0,Marketing,,57.0,No
559,34.0,88000.0,21.0,Sales,,63.0,
560,55.0,74000.0,,HR,1.0,55.0,No
561,48.0,119000.0,23.0,IT,1.0,55.0,No
562,40.0,129000.0,0.0,IT,1.0,36.0,
563,39.0,143000.0,28.0,Marketing,2.0,60.0,No
564,48.0,38000.0,1.0,IT,3.0,48.0,Yes
565,53.0,42000.0,19.0,IT,5.0,38.0,No
566,28.0,55000.0,23.0,,3.0,41.0,
567,29.0,72000.0,18.0,Marketing,3.0,57.0,
568,39.0,121000.0,20.0,Marketing,2.0,63.0,
569,41.0,56000.0,19.0,IT,2.0,36.0,No
570,51.0,22000.0,31.0,IT,1.0,57.0,Yes
571,57.0,75000.0,36.0,IT,,59.0,
572,46.0,38000.0,13.0,Finance,4.0,69.0,Yes
573,33.0,35000.0,13.0,HR,4.0,58.0,
574,36.0,137000.0,23.0,Sales,5.0,50.0,Yes
575,64.0,89000.0,19.0,HR,,49.0,Yes
576,41.0,22000.0,22.0,Marketing,5.0,40.0,Yes
577,38.0,32000.0,3.0,,1.0,39.0,
578,29.0,21000.0,4.0,Sales,5.0,30.0,No
579,35.0,98000.0,21.0,,,69.0,No
580,52.0,73000.0,2.0,Finance,,30.0,No
581,28.0,138000.0,25.0,Marketing,4.0,62.0,Yes
582,57.0,42000.0,16.0,Finance,1.0,31.0,
583,35.0,100000.0,19.0,Marketing,2.0,44.0,Yes
584,28.0,78000.0,26.0,,5.0,32.0,
585,25.0,67000.0,33.0,,4.0,51.0,Yes
586,23.0,81000.0,20.0,,5.0,48.0,
587,44.0,128000.0,38.0,Marketing,5.0,53.0,
588,30.0,127000.0,21.0,IT,2.0,58.0,
589,47.0,94000.0,1.0,,1.0,46.0,Yes
590,35.0,48000.0,38.0,Finance,,39.0,No
591,63.0,76000.0,8.0,Sales,3.0,57.0,Yes
592,32.0,135000.0,23.0,Marketing,5.0,45.0,Yes
593,21.0,118000.0,6.0,Finance,3.0,54.0,
594,51.0,37000.0,9.0,HR,1.0,51.0,
595,28.0,112000.0,3.0,HR,3.0,48.0,No
596,41.0,131000.0,35.0,Sales,5.0,30.0,No
597,37.0,81000.0,36.0,IT,2.0,52.0,
598,52.0,134000.0,27.0,,3.0,59.0,No
599,39.0,131000.0,3.0,Marketing,1.0,55.0,No
600,32.0,65000.0,7.0,Finance,1.0,30.0,
601,55.0,75000.0,0.0,,2.0,42.0,Yes
602,61.0,136000.0,,Finance,3.0,32.0,No
603,58.0,63000.0,38.0,Marketing,3.0,41.0,
604,55.0,22000.0,28.0,HR,,64.0,No
605,30.0,65000.0,9.0,,4.0,63.0,No
606,47.0,65000.0,26.0,Sales,1.0,36.0,
607,21.0,96000.0,10.0,IT,,30.0,No
608,51.0,142000.0,37.0,Sales,1.0,34.0,No
609,39.0,93000.0,24.0,IT,,59.0,No
610,45.0,121000.0,11.0,Finance,4.0,38.0,Yes
611,59.0,108000.0,6.0,,,49.0,Yes
612,27.0,87000.0,26.0,,1.0,38.0,No
613,34.0,79000.0,28.0,IT,3.0,51.0,
614,63.0,68000.0,7.0,HR,1.0,31.0,No
615,28.0,21000.0,37.0,Marketing,5.0,60.0,No
616,25.0,125000.0,29.0,Sales,2.0,48.0,Yes
617,26.0,131000.0,19.0,Finance,2.0,38.0,Yes
618,60.0,112000.0,32.0,Sales,5.0,57.0,Yes
619,33.0,136000.0,29.0,Sales,2.0,69.0,No
620,54.0,99000.0,23.0,Finance,2.0,62.0,No
621,23.0,127000.0,10.0,Finance,4.0,65.0,
622,62.0,69000.0,,,3.0,48.0,No
623,29.0,53000.0,20.0,Sales,3.0,36.0,No
624,56.0,64000.0,38.0,Marketing,1.0,35.0,Yes
625,58.0,87000.0,35.0,Marketing,5.0,34.0,Yes
626,25.0,111000.0,,IT,,39.0,Yes
627,43.0,82000.0,,Finance,1.0,46.0,Yes
628,18.0,67000.0,19.0,,1.0,57.0,Yes
629,21.0,92000.0,13.0,Marketing,1.0,53.0,
630,45.0,23000.0,15.0,HR,1.0,49.0,
631,53.0,118000.0,20.0,,3.0,31.0,
632,54.0,88000.0,36.0,,,46.0,Yes
633,35.0,108000.0,33.0,Marketing,1.0,52.0,Yes
634,24.0,22000.0,14.0,HR,3.0,66.0,Yes
635,64.0,144000.0,6.0,IT,1.0,38.0,
636,61.0,57000.0,15.0,Marketing,2.0,55.0,Yes
637,,147000.0,15.0,HR,1.0,40.0,
638,38.0,42000.0,24.0,,5.0,35.0,Yes
639,33.0,75000.0,11.0,HR,5.0,45.0,No
640,23.0,118000.0,15.0,,1.0,,
641,41.0,88000.0,36.0,Marketing,4.0,54.0,No
642,61.0,59000.0,15.0,Finance,2.0,43.0,
643,20.0,78000.0,12.0,Marketing,,61.0,Yes
644,52.0,126000.0,4.0,Sales,1.0,65.0,Yes
645,22.0,75000.0,33.0,Sales,,59.0,No
646,47.0,49000.0,12.0,Sales,2.0,63.0,Yes
647,35.0,102000.0,6.0,Marketing,1.0,,
648,60.0,54000.0,13.0,IT,4.0,36.0,Yes
649,55.0,126000.0,25.0,Marketing,3.0,40.0,Yes
650,43.0,124000.0,11.0,Finance,4.0,47.0,
651,26.0,104000.0,29.0,HR,4.0,53.0,No
652,42.0,32000.0,33.0,Marketing,3.0,60.0,No
653,35.0,138000.0,4.0,Marketing,3.0,40.0,Yes
654,55.0,98000.0,3.0,,5.0,41.0,
655,19.0,124000.0,20.0,,3.0,56.0,No
656,61.0,88000.0,21.0,,1.0,,No
657,29.0,62000.0,23.0,Marketing,,34.0,Yes
658,44.0,91000.0,32.0,IT,5.0,36.0,
659,36.0,63000.0,24.0,HR,5.0,32.0,No
660,44.0,125000.0,3.0,HR,,33.0,Yes
661,24.0,102000.0,24.0,Finance,5.0,53.0,Yes
662,57.0,100000.0,18.0,IT,3.0,50.0,Yes
663,55.0,125000.0,4.0,IT,4.0,56.0,Yes
664,,39000.0,4.0,HR,2.0,67.0,No
665,19.0,25000.0,16.0,Sales,3.0,51.0,
666,29.0,88000.0,2.0,,4.0,32.0,Yes
667,44.0,145000.0,15.0,,4.0,32.0,Yes
668,41.0,138000.0,12.0,HR,5.0,49.0,No
669,49.0,146000.0,12.0,IT,1.0,65.0,Yes
670,54.0,75000.0,11.0,Finance,1.0,69.0,Yes
671,22.0,76000.0,5.0,Sales,5.0,30.0,
672,60.0,39000.0,13.0,HR,5.0,35.0,Yes
673,61.0,100000.0,17.0,,,44.0,No
674,48.0,87000.0,33.0,Marketing,,45.0,
675,61.0,149000.0,15.0,IT,2.0,48.0,No
676,63.0,105000.0,33.0,Marketing,2.0,51.0,
677,37.0,67000.0,17.0,Finance,2.0,62.0,
678,32.0,133000.0,18.0,HR,2.0,39.0,Yes
679,37.0,107000.0,34.0,,4.0,62.0,Yes
680,27.0,103000.0,33.0,Sales,4.0,61.0,Yes
681,53.0,146000.0,30.0,Marketing,,54.0,No
682,52.0,135000.0,38.0,Sales,1.0,30.0,Yes
683,51.0,145000.0,22.0,Finance,5.0,51.0,Yes
684,35.0,89000.0,15.0,,1.0,69.0,
685,36.0,104000.0,5.0,Marketing,3.0,50.0,Yes
686,34.0,51000.0,,Finance,4.0,62.0,Yes
687,63.0,99000.0,33.0,Sales,2.0,43.0,Yes
688,57.0,79000.0,30.0,Sales,2.0,38.0,Yes
689,30.0,79000.0,34.0,Marketing,3.0,43.0,
690,31.0,116000.0,11.0,,1.0,57.0,Yes
691,47.0,46000.0,4.0,Sales,2.0,51.0,
692,,61000.0,12.0,HR,1.0,45.0,No
693,19.0,104000.0,35.0,Finance,5.0,37.0,Yes
694,32.0,35000.0,13.0,Marketing,3.0,64.0,Yes
695,39.0,116000.0,2.0,IT,1.0,37.0,Yes
696,27.0,116000.0,38.0,IT,5.0,44.0,
697,28.0,83000.0,14.0,,1.0,64.0,Yes
698,26.0,92000.0,26.0,HR,1.0,61.0,Yes
699,48.0,103000.0,14.0,Sales,2.0,59.0,No
700,32.0,23000.0,2.0,IT,,34.0,
701,24.0,20000.0,24.0,,4.0,38.0,
702,54.0,40000.0,26.0,Finance,1.0,44.0,No
703,28.0,130000.0,30.0,HR,1.0,32.0,
704,40.0,75000.0,0.0,HR,1.0,50.0,Yes
705,44.0,84000.0,29.0,,,41.0,Yes
706,24.0,92000.0,1.0,,5.0,44.0,No
707,44.0,116000.0,6.0,Sales,3.0,57.0,
708,52.0,130000.0,22.0,,2.0,34.0,
709,42.0,143000.0,13.0,Sales,,54.0,
710,24.0,104000.0,29.0,Sales,5.0,39.0,No
711,44.0,94000.0,7.0,Marketing,1.0,52.0,Yes
712,44.0,106000.0,37.0,HR,5.0,57.0,No
713,53.0,56000.0,0.0,Finance,,31.0,Yes
714,57.0,77000.0,6.0,HR,,38.0,No
715,52.0,117000.0,5.0,HR,,,Yes
716,43.0,81000.0,37.0,Marketing,3.0,54.0,
717,33.0,67000.0,14.0,Sales,4.0,40.0,
718,25.0,50000.0,33.0,Sales,2.0,42.0,
719,49.0,39000.0,28.0,,3.0,53.0,No
720,36.0,38000.0,8.0,Marketing,3.0,36.0,No
721,29.0,145000.0,36.0,,4.0,32.0,No
722,44.0,86000.0,16.0,Marketing,3.0,56.0,
723,64.0,128000.0,3.0,,,35.0,Yes
724,45.0,134000.0,27.0,IT,,38.0,
725,29.0,138000.0,37.0,HR,5.0,64.0,
726,62.0,97000.0,32.0,HR,1.0,30.0,Yes
727,51.0,134000.0,21.0,Finance,3.0,54.0,Yes
728,22.0,110000.0,3.0,Sales,1.0,42.0,Yes
729,34.0,32000.0,28.0,Finance,2.0,44.0,Yes
730,21.0,143000.0,4.0,IT,,45.0,
731,63.0,76000.0,2.0,Finance,5.0,50.0,No
732,41.0,46000.0,27.0,HR,2.0,32.0,
733,18.0,44000.0,21.0,Sales,5.0,47.0,Yes
734,26.0,131000.0,4.0,IT,4.0,30.0,No
735,46.0,84000.0,30.0,HR,,67.0,No
736,61.0,149000.0,16.0,,2.0,37.0,
737,21.0,62000.0,13.0,Marketing,4.0,47.0,
738,49.0,115000.0,38.0,IT,2.0,44.0,
739,,60000.0,30.0,Sales,5.0,53.0,No
740,34.0,24000.0,7.0,Finance,4.0,46.0,No
741,48.0,41000.0,35.0,Finance,4.0,51.0,No
742,63.0,107000.0,8.0,IT,,49.0,Yes
743,27.0,141000.0,18.0,Sales,1.0,39.0,Yes
744,37.0,69000.0,4.0,IT,5.0,67.0,
745,42.0,29000.0,1.0,Sales,5.0,69.0,No
746,41.0,30000.0,9.0,Finance,4.0,32.0,
747,38.0,92000.0,15.0,HR,4.0,53.0,No
748,43.0,26000.0,30.0,,,60.0,
749,29.0,59000.0,2.0,HR,1.0,58.0,Yes
750,49.0,103000.0,2.0,,5.0,54.0,No
751,50.0,90000.0,15.0,Finance,3.0,64.0,Yes
752,57.0,73000.0,39.0,HR,3.0,62.0,No
753,51.0,65000.0,17.0,HR,1.0,37.0,
754,,122000.0,3.0,IT,2.0,40.0,No
755,37.0,60000.0,30.0,Marketing,,30.0,Yes
756,64.0,78000.0,20.0,Finance,1.0,66.0,No
757,22.0,30000.0,4.0,Sales,3.0,33.0,
758,44.0,148000.0,33.0,Finance,4.0,33.0,No
759,33.0,25000.0,20.0,Sales,3.0,50.0,Yes
760,21.0,98000.0,,Sales,4.0,33.0,
761,47.0,149000.0,18.0,,,32.0,Yes
762,21.0,127000.0,20.0,Sales,4.0,37.0,No
763,54.0,21000.0,9.0,Sales,1.0,57.0,Yes
764,19.0,45000.0,11.0,IT,4.0,50.0,No
765,39.0,132000.0,1.0,HR,2.0,55.0,
766,53.0,125000.0,7.0,Finance,1.0,38.0,Yes
767,53.0,58000.0,10.0,Finance,,44.0,Yes
768,26.0,147000.0,21.0,Sales,1.0,38.0,No
769,26.0,26000.0,12.0,Marketing,2.0,34.0,Yes
770,35.0,119000.0,31.0,Finance,,33.0,Yes
771,33.0,142000.0,16.0,Sales,3.0,34.0,
772,37.0,125000.0,39.0,,2.0,53.0,No
773,30.0,119000.0,7.0,,,32.0,No
774,25.0,22000.0,21.0,,4.0,68.0,
775,62.0,128000.0,8.0,Sales,1.0,60.0,
776,,37000.0,17.0,IT,,63.0,No
777,61.0,50000.0,3.0,Marketing,1.0,38.0,
778,29.0,30000.0,21.0,Sales,4.0,62.0,
779,20.0,64000.0,28.0,IT,,64.0,
780,,137000.0,23.0,IT,3.0,34.0,No
781,56.0,34000.0,26.0,Finance,2.0,44.0,
782,48.0,147000.0,32.0,Sales,,47.0,Yes
783,50.0,81000.0,23.0,Sales,4.0,62.0,Yes
784,44.0,127000.0,8.0,IT,,53.0,No
785,47.0,137000.0,12.0,IT,1.0,59.0,
786,24.0,39000.0,28.0,IT,5.0,69.0,Yes
787,55.0,31000.0,39.0,Finance,,45.0,No
788,42.0,22000.0,23.0,Sales,3.0,58.0,Yes
789,50.0,120000.0,12.0,IT,,67.0,
790,19.0,77000.0,33.0,,2.0,59.0,No
791,28.0,146000.0,32.0,Sales,,47.0,Yes
792,,45000.0,8.0,Finance,5.0,63.0,No
793,60.0,87000.0,33.0,,1.0,57.0,Yes
794,21.0,43000.0,9.0,HR,,,Yes
795,46.0,149000.0,9.0,Sales,3.0,32.0,
796,46.0,115000.0,19.0,HR,4.0,56.0,
797,33.0,43000.0,19.0,IT,,46.0,Yes
798,64.0,144000.0,20.0,Finance,,54.0,No
799,63.0,27000.0,5.0,IT,2.0,68.0,No
800,39.0,134000.0,15.0,Finance,3.0,47.0,
801,31.0,78000.0,0.0,Marketing,5.0,34.0,Yes
802,53.0,139000.0,10.0,IT,4.0,,
803,37.0,126000.0,16.0,HR,1.0,36.0,Yes
804,30.0,126000.0,9.0,Finance,,61.0,Yes
805,18.0,149000.0,14.0,IT,5.0,49.0,
806,27.0,94000.0,16.0,Sales,4.0,52.0,No
807,55.0,48000.0,33.0,Finance,1.0,53.0,
808,54.0,39000.0,24.0,Finance,5.0,47.0,Yes
809,50.0,52000.0,14.0,IT,3.0,57.0,
810,54.0,59000.0,4.0,Marketing,3.0,38.0,No
811,50.0,69000.0,10.0,IT,4.0,40.0,No
812,34.0,100000.0,11.0,HR,1.0,61.0,Yes
813,46.0,76000.0,2.0,HR,3.0,35.0,
814,31.0,93000.0,37.0,Finance,4.0,45.0,No
815,43.0,41000.0,0.0,Finance,3.0,38.0,
816,50.0,146000.0,24.0,IT,3.0,59.0,No
817,54.0,35000.0,25.0,HR,5.0,34.0,Yes
818,49.0,87000.0,25.0,HR,5.0,45.0,Yes
819,40.0,126000.0,13.0,Marketing,3.0,65.0,
820,31.0,112000.0,6.0,Sales,2.0,46.0,Yes
821,46.0,33000.0,5.0,Marketing,5.0,54.0,No
822,58.0,109000.0,38.0,,1.0,44.0,Yes
823,33.0,51000.0,10.0,Marketing,4.0,36.0,No
824,21.0,143000.0,11.0,IT,4.0,52.0,No
825,45.0,34000.0,15.0,Sales,1.0,41.0,Yes
826,20.0,84000.0,15.0,IT,1.0,57.0,No
827,26.0,65000.0,34.0,,1.0,60.0,No
828,33.0,142000.0,19.0,Sales,1.0,52.0,
829,26.0,,6.0,Finance,,44.0,
830,33.0,105000.0,3.0,HR,4.0,39.0,
831,36.0,146000.0,24.0,Marketing,,60.0,Yes
832,40.0,85000.0,14.0,IT,3.0,34.0,
833,21.0,22000.0,34.0,,3.0,63.0,No
834,50.0,65000.0,26.0,HR,4.0,61.0,Yes
835,22.0,56000.0,27.0,Marketing,3.0,46.0,Yes
836,18.0,39000.0,10.0,HR,1.0,65.0,Yes
837,29.0,75000.0,35.0,Marketing,,41.0,Yes
838,59.0,135000.0,28.0,Finance,1.0,38.0,No
839,59.0,64000.0,21.0,Sales,3.0,65.0,No
840,64.0,57000.0,14.0,HR,5.0,54.0,
841,27.0,117000.0,12.0,HR,,45.0,Yes
842,63.0,95000.0,8.0,HR,1.0,,
843,39.0,133000.0,5.0,Sales,4.0,53.0,No
844,32.0,109000.0,35.0,,1.0,62.0,Yes
845,47.0,116000.0,27.0,Marketing,5.0,67.0,No
846,27.0,138000.0,1.0,Finance,3.0,38.0,
847,32.0,64000.0,13.0,HR,,48.0,No
848,24.0,56000.0,34.0,Sales,4.0,35.0,Yes
849,20.0,118000.0,17.0,,,44.0,Yes
850,56.0,90000.0,11.0,Marketing,4.0,65.0,
851,20.0,53000.0,19.0,Sales,,57.0,Yes
852,41.0,48000.0,35.0,Finance,3.0,40.0,No
853,19.0,96000.0,25.0,Finance,4.0,45.0,No
854,48.0,102000.0,27.0,Marketing,2.0,48.0,No
855,19.0,131000.0,18.0,HR,,54.0,No
856,43.0,43000.0,23.0,Finance,,47.0,
857,45.0,106000.0,4.0,,1.0,40.0,No
858,48.0,32000.0,34.0,Sales,4.0,49.0,
859,35.0,120000.0,0.0,,5.0,62.0,No
860,37.0,101000.0,20.0,HR,2.0,35.0,
861,21.0,128000.0,30.0,,3.0,63.0,No
862,34.0,149000.0,14.0,,1.0,43.0,No
863,44.0,37000.0,16.0,IT,2.0,,
864,58.0,46000.0,3.0,,4.0,54.0,Yes
865,38.0,89000.0,34.0,Marketing,2.0,63.0,Yes
866,37.0,81000.0,28.0,Sales,,53.0,Yes
867,22.0,91000.0,17.0,IT,,43.0,
868,,142000.0,21.0,Sales,1.0,50.0,Yes
869,21.0,137000.0,32.0,Sales,4.0,34.0,Yes
870,57.0,139000.0,11.0,HR,4.0,43.0,
871,28.0,37000.0,27.0,HR,2.0,52.0,Yes
872,42.0,138000.0,34.0,IT,1.0,49.0,Yes
873,62.0,79000.0,20.0,Finance,4.0,35.0,Yes
874,50.0,48000.0,34.0,HR,5.0,57.0,
875,30.0,27000.0,7.0,HR,5.0,60.0,
876,42.0,82000.0,37.0,HR,,60.0,Yes
877,61.0,138000.0,17.0,Sales,2.0,33.0,Yes
878,43.0,70000.0,36.0,IT,3.0,32.0,
879,25.0,107000.0,4.0,Sales,,50.0,Yes
880,42.0,71000.0,13.0,Marketing,1.0,46.0,
881,63.0,96000.0,18.0,Sales,4.0,63.0,Yes
882,38.0,59000.0,7.0,Marketing,,45.0,
883,63.0,86000.0,30.0,,3.0,52.0,No
884,46.0,26000.0,2.0,,3.0,30.0,No
885,59.0,20000.0,16.0,Marketing,5.0,41.0,
886,64.0,123000.0,3.0,Marketing,1.0,43.0,No
887,33.0,143000.0,18.0,Sales,,33.0,Yes
888,42.0,128000.0,21.0,Marketing,2.0,31.0,
889,52.0,104000.0,9.0,IT,,65.0,
890,,138000.0,35.0,,5.0,65.0,Yes
891,24.0,145000.0,20.0,,3.0,65.0,Yes
892,51.0,34000.0,2.0,Finance,1.0,31.0,
893,31.0,80000.0,27.0,Marketing,1.0,63.0,Yes
894,63.0,131000.0,32.0,HR,2.0,51.0,
895,38.0,30000.0,11.0,HR,1.0,56.0,Yes
896,30.0,53000.0,7.0,Marketing,5.0,58.0,
897,42.0,29000.0,29.0,IT,5.0,46.0,Yes
898,44.0,82000.0,5.0,HR,5.0,64.0,Yes
899,39.0,68000.0,2.0,Finance,1.0,61.0,No
900,30.0,87000.0,17.0,Marketing,1.0,54.0,No
901,40.0,66000.0,28.0,IT,5.0,68.0,No
902,18.0,38000.0,29.0,IT,1.0,45.0,Yes
903,61.0,119000.0,33.0,Sales,1.0,68.0,
904,42.0,86000.0,19.0,IT,3.0,35.0,Yes
905,30.0,53000.0,29.0,HR,,36.0,No
906,23.0,83000.0,17.0,HR,4.0,59.0,Yes
907,19.0,26000.0,29.0,Marketing,1.0,40.0,No
908,63.0,63000.0,30.0,Marketing,4.0,59.0,No
909,39.0,105000.0,0.0,IT,4.0,47.0,
910,62.0,94000.0,8.0,Finance,3.0,38.0,
911,59.0,94000.0,0.0,,1.0,67.0,No
912,63.0,65000.0,0.0,Sales,5.0,40.0,No
913,61.0,33000.0,22.0,,4.0,48.0,Yes
914,34.0,123000.0,15.0,IT,1.0,65.0,No
915,54.0,44000.0,30.0,IT,2.0,69.0,Yes
916,51.0,70000.0,14.0,,5.0,35.0,No
917,31.0,111000.0,14.0,Sales,2.0,42.0,
918,41.0,39000.0,37.0,,2.0,39.0,
919,53.0,69000.0,29.0,Marketing,4.0,35.0,No
920,44.0,56000.0,22.0,HR,2.0,57.0,Yes
921,26.0,38000.0,,Finance,3.0,38.0,Yes
922,55.0,73000.0,9.0,Marketing,3.0,57.0,Yes
923,33.0,110000.0,19.0,HR,4.0,37.0,No
924,55.0,46000.0,2.0,Finance,1.0,64.0,No
925,38.0,22000.0,5.0,Finance,,38.0,
926,42.0,94000.0,24.0,Finance,1.0,47.0,
927,60.0,85000.0,10.0,IT,1.0,59.0,No
928,41.0,104000.0,29.0,Finance,1.0,45.0,
929,33.0,109000.0,15.0,Sales,1.0,37.0,Yes
930,29.0,123000.0,31.0,,5.0,61.0,Yes
931,36.0,,9.0,Sales,,62.0,No
932,41.0,90000.0,26.0,,5.0,52.0,Yes
933,20.0,105000.0,30.0,Marketing,2.0,37.0,No
934,26.0,24000.0,,Marketing,1.0,35.0,Yes
935,19.0,79000.0,26.0,,3.0,44.0,No
936,57.0,30000.0,5.0,Sales,4.0,47.0,Yes
937,61.0,24000.0,0.0,,4.0,67.0,Yes
938,34.0,45000.0,22.0,Finance,5.0,34.0,
939,63.0,142000.0,2.0,IT,5.0,39.0,
940,52.0,124000.0,17.0,Marketing,3.0,40.0,
941,63.0,111000.0,24.0,IT,1.0,41.0,
942,38.0,127000.0,9.0,Finance,,40.0,
943,50.0,117000.0,38.0,Finance,2.0,49.0,
944,63.0,53000.0,9.0,Marketing,4.0,38.0,No
945,24.0,102000.0,1.0,Marketing,2.0,48.0,No
946,56.0,74000.0,10.0,Finance,,64.0,
947,60.0,67000.0,1.0,HR,5.0,56.0,No
948,35.0,64000.0,25.0,IT,4.0,52.0,
949,58.0,131000.0,0.0,IT,2.0,33.0,No
950,57.0,61000.0,14.0,HR,5.0,65.0,Yes
951,53.0,142000.0,0.0,Sales,,40.0,No
952,22.0,115000.0,28.0,IT,2.0,63.0,No
953,42.0,108000.0,18.0,,1.0,68.0,No
954,50.0,57000.0,36.0,Finance,5.0,30.0,Yes
955,61.0,103000.0,26.0,Finance,,69.0,
956,22.0,80000.0,23.0,HR,2.0,67.0,No
957,53.0,124000.0,30.0,IT,1.0,37.0,No
958,49.0,125000.0,8.0,Sales,1.0,50.0,Yes
959,38.0,72000.0,38.0,IT,,33.0,
960,37.0,144000.0,31.0,Finance,3.0,40.0,No
961,22.0,27000.0,11.0,Marketing,4.0,,Yes
962,22.0,106000.0,39.0,,,50.0,
963,64.0,55000.0,35.0,HR,1.0,66.0,
964,20.0,67000.0,14.0,Marketing,1.0,47.0,No
965,46.0,59000.0,20.0,Sales,,44.0,No
966,27.0,35000.0,18.0,Marketing,3.0,59.0,No
967,46.0,106000.0,25.0,Marketing,4.0,31.0,No
968,47.0,39000.0,39.0,Sales,2.0,51.0,Yes
969,40.0,69000.0,14.0,Marketing,,46.0,Yes
970,25.0,77000.0,32.0,HR,4.0,54.0,No
971,19.0,59000.0,30.0,Finance,4.0,41.0,
972,47.0,57000.0,24.0,IT,5.0,46.0,No
973,56.0,29000.0,23.0,Marketing,1.0,31.0,
974,53.0,95000.0,0.0,HR,2.0,51.0,
975,52.0,145000.0,10.0,IT,,31.0,
976,40.0,64000.0,38.0,IT,1.0,53.0,Yes
977,47.0,63000.0,7.0,Marketing,5.0,55.0,
978,22.0,,10.0,HR,5.0,55.0,
979,18.0,126000.0,24.0,Finance,1.0,67.0,Yes
980,36.0,37000.0,7.0,Marketing,3.0,53.0,
981,44.0,94000.0,8.0,Sales,4.0,52.0,
982,27.0,90000.0,30.0,IT,,36.0,No
983,20.0,127000.0,32.0,Marketing,,37.0,
984,31.0,30000.0,18.0,IT,,65.0,
985,22.0,63000.0,37.0,HR,1.0,58.0,
986,46.0,108000.0,0.0,,3.0,47.0,
987,54.0,121000.0,,Marketing,2.0,44.0,
988,18.0,26000.0,34.0,Finance,5.0,52.0,Yes
989,31.0,109000.0,22.0,Marketing,1.0,49.0,
990,27.0,105000.0,25.0,IT,2.0,64.0,
991,24.0,102000.0,0.0,HR,5.0,68.0,Yes
992,42.0,100000.0,29.0,Sales,5.0,67.0,Yes
993,61.0,86000.0,12.0,Finance,3.0,34.0,
994,60.0,145000.0,0.0,HR,4.0,33.0,
995,21.0,100000.0,27.0,Marketing,,42.0,
996,22.0,102000.0,13.0,Sales,2.0,32.0,No
997,42.0,131000.0,10.0,HR,1.0,36.0,No
998,20.0,94000.0,35.0,,2.0,52.0,
999,35.0,140000.0,26.0,Finance,4.0,39.0,Yes
1000,36.0,59000.0,18.0,IT,,45.0,
1001,49.0,20000.0,37.0,HR,2.0,49.0,Yes
1002,36.0,47000.0,22.0,HR,4.0,54.0,Yes
1003,28.0,123000.0,19.0,,1.0,55.0,Yes
1004,63.0,69000.0,8.0,Marketing,3.0,44.0,
1005,,93000.0,12.0,Finance,5.0,54.0,
1006,42.0,28000.0,35.0,Finance,1.0,61.0,Yes
1007,30.0,69000.0,16.0,IT,,59.0,No
1008,54.0,136000.0,22.0,HR,5.0,34.0,No
1009,53.0,139000.0,12.0,Sales,1.0,36.0,No
1010,27.0,57000.0,32.0,HR,1.0,35.0,Yes
1011,52.0,46000.0,10.0,IT,1.0,62.0,
1012,29.0,21000.0,20.0,HR,1.0,42.0,Yes
1013,59.0,102000.0,4.0,,5.0,44.0,No
1014,19.0,135000.0,34.0,HR,,37.0,
1015,49.0,20000.0,34.0,HR,4.0,38.0,Yes
1016,22.0,111000.0,20.0,Sales,2.0,45.0,Yes
1017,26.0,149000.0,12.0,,3.0,40.0,No
1018,21.0,112000.0,14.0,,2.0,34.0,Yes
1019,39.0,58000.0,34.0,HR,2.0,47.0,
1020,26.0,20000.0,23.0,Finance,3.0,69.0,No
1021,60.0,99000.0,30.0,Sales,5.0,57.0,No
1022,18.0,30000.0,31.0,HR,,34.0,
1023,29.0,83000.0,34.0,HR,3.0,53.0,No
1024,56.0,73000.0,18.0,IT,,52.0,Yes
1025,18.0,63000.0,16.0,IT,5.0,53.0,Yes
1026,36.0,119000.0,36.0,Finance,2.0,44.0,No
1027,,80000.0,1.0,Sales,,44.0,
1028,53.0,67000.0,21.0,Marketing,5.0,34.0,Yes
1029,25.0,145000.0,30.0,IT,5.0,65.0,
1030,33.0,41000.0,14.0,Marketing,4.0,49.0,Yes
1031,25.0,56000.0,3.0,,3.0,32.0,Yes
1032,27.0,46000.0,2.0,IT,4.0,62.0,No
1033,31.0,39000.0,19.0,IT,2.0,56.0,No
1034,40.0,125000.0,38.0,Sales,3.0,66.0,
1035,54.0,117000.0,12.0,Finance,2.0,69.0,No
1036,51.0,137000.0,37.0,Marketing,4.0,56.0,Yes
1037,46.0,91000.0,29.0,IT,5.0,45.0,Yes
1038,47.0,140000.0,12.0,IT,2.0,42.0,
1039,21.0,48000.0,4.0,Sales,3.0,35.0,
1040,60.0,126000.0,10.0,Sales,3.0,50.0,Yes
1041,30.0,116000.0,14.0,Finance,2.0,,No
1042,27.0,50000.0,15.0,Marketing,3.0,57.0,No
1043,25.0,97000.0,21.0,,5.0,59.0,
1044,50.0,59000.0,12.0,Finance,5.0,58.0,
1045,28.0,81000.0,5.0,,3.0,43.0,Yes
1046,51.0,41000.0,30.0,HR,2.0,46.0,Yes
1047,51.0,122000.0,13.0,IT,4.0,63.0,
1048,,93000.0,15.0,Marketing,3.0,58.0,Yes
1049,56.0,66000.0,39.0,Finance,3.0,62.0,
1050,38.0,75000.0,32.0,IT,3.0,39.0,
1051,45.0,136000.0,3.0,Marketing,3.0,55.0,No
1052,24.0,118000.0,25.0,Marketing,2.0,52.0,
1053,27.0,142000.0,21.0,Marketing,4.0,63.0,Yes
1054,57.0,52000.0,38.0,IT,4.0,67.0,No
1055,53.0,25000.0,12.0,Finance,,36.0,No
1056,30.0,74000.0,13.0,Sales,3.0,46.0,Yes
1057,46.0,83000.0,31.0,IT,3.0,41.0,Yes
1058,51.0,65000.0,29.0,Marketing,,52.0,Yes
1059,37.0,37000.0,33.0,Finance,4.0,51.0,
1060,53.0,144000.0,15.0,HR,1.0,40.0,No
1061,21.0,67000.0,26.0,,5.0,58.0,
1062,35.0,131000.0,17.0,Marketing,1.0,59.0,
1063,30.0,56000.0,21.0,HR,4.0,56.0,
1064,42.0,82000.0,30.0,Sales,3.0,50.0,
1065,20.0,87000.0,38.0,Marketing,1.0,56.0,No
1066,41.0,134000.0,11.0,HR,2.0,41.0,No
1067,61.0,83000.0,18.0,Marketing,2.0,53.0,
1068,58.0,49000.0,33.0,IT,,35.0,Yes
1069,41.0,131000.0,3.0,Finance,4.0,34.0,No
1070,34.0,127000.0,7.0,HR,4.0,52.0,
1071,56.0,87000.0,27.0,Finance,1.0,47.0,Yes
1072,24.0,138000.0,4.0,IT,3.0,47.0,Yes
1073,55.0,106000.0,23.0,IT,4.0,64.0,
1074,56.0,85000.0,29.0,Finance,1.0,37.0,No
1075,30.0,93000.0,20.0,HR,1.0,64.0,Yes
1076,48.0,63000.0,0.0,Finance,5.0,66.0,No
1077,54.0,22000.0,3.0,Finance,5.0,68.0,No
1078,49.0,125000.0,25.0,,4.0,57.0,Yes
1079,39.0,69000.0,23.0,HR,1.0,52.0,
1080,31.0,68000.0,6.0,,,33.0,Yes
1081,49.0,24000.0,,Marketing,,54.0,Yes
1082,41.0,77000.0,18.0,Finance,5.0,42.0,No
1083,33.0,143000.0,21.0,Marketing,4.0,67.0,
1084,49.0,48000.0,30.0,HR,3.0,57.0,No
1085,63.0,140000.0,9.0,Finance,,34.0,Yes
1086,18.0,143000.0,37.0,Marketing,,35.0,
1087,30.0,55000.0,22.0,Sales,5.0,65.0,
1088,56.0,142000.0,9.0,IT,5.0,46.0,
1089,56.0,119000.0,27.0,Finance,4.0,51.0,
1090,55.0,53000.0,24.0,IT,5.0,66.0,
1091,22.0,105000.0,14.0,,2.0,,Yes
1092,22.0,36000.0,33.0,Marketing,1.0,32.0,Yes
1093,19.0,131000.0,18.0,,,63.0,Yes
1094,23.0,47000.0,1.0,Finance,2.0,51.0,No
1095,24.0,95000.0,,IT,3.0,55.0,
1096,58.0,77000.0,,IT,2.0,54.0,
1097,31.0,144000.0,15.0,Marketing,4.0,36.0,Yes
1098,63.0,127000.0,0.0,Finance,3.0,44.0,
1099,45.0,40000.0,27.0,Sales,3.0,69.0,No
1100,49.0,86000.0,18.0,Sales,5.0,31.0,
1101,46.0,87000.0,4.0,Marketing,2.0,60.0,
1102,55.0,67000.0,6.0,Finance,4.0,33.0,No
1103,43.0,127000.0,27.0,Marketing,,48.0,Yes
1104,52.0,104000.0,31.0,Finance,5.0,42.0,Yes
1105,45.0,71000.0,1.0,,2.0,60.0,
1106,54.0,141000.0,33.0,Marketing,,54.0,No
1107,49.0,105000.0,3.0,Finance,2.0,34.0,Yes
1108,53.0,149000.0,25.0,Sales,5.0,64.0,Yes
1109,43.0,60000.0,10.0,Finance,,68.0,Yes
1110,49.0,116000.0,18.0,Finance,5.0,33.0,
1111,20.0,127000.0,18.0,Marketing,2.0,41.0,No
1112,38.0,69000.0,7.0,,3.0,60.0,
1113,18.0,103000.0,37.0,,1.0,44.0,Yes
1114,26.0,145000.0,2.0,,3.0,,No
1115,21.0,39000.0,17.0,,5.0,41.0,
1116,26.0,62000.0,36.0,HR,5.0,39.0,Yes
1117,49.0,121000.0,25.0,Marketing,5.0,36.0,Yes
1118,54.0,86000.0,11.0,IT,,53.0,
1119,29.0,147000.0,11.0,Marketing,4.0,68.0,Yes
1120,47.0,110000.0,20.0,HR,5.0,60.0,Yes
1121,63.0,42000.0,26.0,,3.0,52.0,No
1122,52.0,143000.0,20.0,HR,1.0,56.0,Yes
1123,61.0,129000.0,17.0,Sales,5.0,42.0,
1124,40.0,116000.0,6.0,Sales,5.0,31.0,No
1125,31.0,35000.0,6.0,Marketing,5.0,64.0,
1126,45.0,117000.0,24.0,Marketing,,55.0,Yes
1127,24.0,100000.0,24.0,IT,5.0,48.0,No
1128,21.0,122000.0,21.0,IT,3.0,43.0,No
1129,45.0,37000.0,11.0,Sales,2.0,55.0,No
1130,63.0,103000.0,26.0,,4.0,69.0,No
1131,20.0,26000.0,7.0,HR,5.0,56.0,
1132,28.0,46000.0,18.0,IT,,53.0,Yes
1133,61.0,23000.0,17.0,Finance,3.0,61.0,Yes
1134,18.0,119000.0,37.0,IT,5.0,42.0,No
1135,43.0,136000.0,10.0,,,36.0,Yes
1136,47.0,82000.0,13.0,,2.0,42.0,
1137,52.0,109000.0,29.0,Marketing,1.0,,Yes
1138,52.0,135000.0,12.0,HR,5.0,44.0,
1139,42.0,116000.0,9.0,,3.0,46.0,
1140,59.0,29000.0,24.0,IT,,35.0,Yes
1141,43.0,72000.0,25.0,IT,,43.0,
1142,21.0,65000.0,9.0,Sales,5.0,52.0,
1143,36.0,23000.0,36.0,,,41.0,
1144,27.0,38000.0,32.0,Finance,1.0,37.0,
1145,26.0,64000.0,17.0,Marketing,,43.0,No
1146,56.0,30000.0,4.0,HR,4.0,63.0,Yes
1147,54.0,88000.0,36.0,Finance,4.0,52.0,No
1148,22.0,35000.0,26.0,Marketing,,61.0,
1149,24.0,133000.0,,IT,5.0,44.0,Yes
1150,39.0,66000.0,33.0,Finance,4.0,36.0,
1151,63.0,126000.0,38.0,Marketing,3.0,57.0,Yes
1152,42.0,70000.0,6.0,IT,4.0,51.0,No
1153,62.0,114000.0,5.0,IT,,59.0,Yes
1154,59.0,88000.0,9.0,IT,5.0,68.0,
1155,28.0,120000.0,37.0,IT,2.0,42.0,Yes
1156,42.0,93000.0,2.0,IT,5.0,58.0,Yes
1157,29.0,100000.0,23.0,Sales,5.0,67.0,No
1158,56.0,110000.0,10.0,Finance,5.0,55.0,
1159,34.0,22000.0,24.0,Marketing,3.0,44.0,Yes
1160,41.0,127000.0,36.0,Sales,1.0,34.0,No
1161,49.0,66000.0,10.0,Sales,,61.0,Yes
1162,63.0,91000.0,35.0,,1.0,46.0,
1163,56.0,90000.0,22.0,,2.0,44.0,Yes
1164,59.0,134000.0,14.0,,1.0,40.0,Yes
1165,28.0,99000.0,11.0,HR,,48.0,Yes
1166,60.0,99000.0,23.0,,,68.0,Yes
1167,52.0,131000.0,2.0,Marketing,2.0,57.0,
1168,64.0,114000.0,9.0,Sales,,58.0,No
1169,20.0,90000.0,30.0,Marketing,2.0,54.0,No
1170,21.0,81000.0,5.0,Finance,2.0,50.0,Yes
1171,53.0,56000.0,9.0,,,61.0,
1172,24.0,85000.0,26.0,HR,4.0,67.0,
1173,58.0,87000.0,39.0,Finance,2.0,57.0,
1174,44.0,31000.0,21.0,HR,,50.0,
1175,47.0,49000.0,21.0,Finance,4.0,41.0,
1176,25.0,132000.0,26.0,Sales,2.0,37.0,
1177,45.0,40000.0,24.0,Marketing,4.0,52.0,Yes
1178,30.0,111000.0,23.0,IT,3.0,43.0,No
1179,56.0,85000.0,27.0,Marketing,5.0,64.0,No
1180,57.0,72000.0,17.0,,3.0,41.0,Yes
1181,38.0,60000.0,31.0,IT,4.0,55.0,No
1182,27.0,82000.0,34.0,HR,2.0,65.0,
1183,39.0,144000.0,12.0,Sales,,35.0,
1184,,39000.0,12.0,Sales,1.0,36.0,No
1185,62.0,53000.0,33.0,HR,,65.0,
1186,53.0,48000.0,28.0,,1.0,69.0,
1187,37.0,75000.0,26.0,HR,1.0,42.0,No
1188,42.0,65000.0,15.0,Finance,2.0,40.0,Yes
1189,62.0,37000.0,1.0,,4.0,64.0,No
1190,52.0,132000.0,14.0,IT,,68.0,No
1191,39.0,26000.0,28.0,HR,4.0,45.0,No
1192,,44000.0,27.0,,3.0,68.0,No
1193,56.0,131000.0,13.0,IT,2.0,57.0,Yes
1194,31.0,89000.0,23.0,HR,2.0,55.0,Yes
1195,37.0,48000.0,36.0,Sales,3.0,,
1196,63.0,85000.0,36.0,HR,,62.0,
1197,25.0,83000.0,21.0,Marketing,5.0,32.0,No
1198,25.0,54000.0,23.0,HR,3.0,52.0,
1199,26.0,43000.0,5.0,Marketing,,49.0,Yes
1200,42.0,55000.0,20.0,IT,1.0,61.0,
1201,57.0,,15.0,HR,2.0,35.0,
1202,51.0,55000.0,16.0,IT,,,
1203,41.0,146000.0,39.0,IT,4.0,69.0,No
1204,42.0,145000.0,8.0,,4.0,31.0,
1205,27.0,,8.0,IT,2.0,43.0,Yes
1206,54.0,53000.0,5.0,IT,3.0,59.0,Yes
1207,18.0,122000.0,36.0,HR,5.0,44.0,Yes
1208,23.0,41000.0,25.0,HR,3.0,38.0,Yes
1209,34.0,27000.0,31.0,Sales,,57.0,
1210,43.0,52000.0,,,3.0,34.0,No
1211,50.0,146000.0,32.0,IT,2.0,57.0,Yes
1212,43.0,22000.0,2.0,,,45.0,Yes
1213,33.0,120000.0,15.0,Marketing,1.0,50.0,No
1214,59.0,93000.0,2.0,IT,3.0,52.0,No
1215,60.0,117000.0,24.0,,3.0,45.0,Yes
1216,40.0,90000.0,2.0,Sales,5.0,49.0,Yes
1217,41.0,21000.0,,Sales,,39.0,No
1218,23.0,52000.0,5.0,IT,4.0,35.0,Yes
1219,22.0,63000.0,28.0,Marketing,3.0,67.0,Yes
1220,40.0,79000.0,7.0,Sales,2.0,33.0,
1221,49.0,101000.0,33.0,Sales,3.0,49.0,No
1222,45.0,141000.0,6.0,Marketing,5.0,46.0,
1223,59.0,120000.0,22.0,,1.0,63.0,
1224,38.0,34000.0,17.0,Sales,5.0,48.0,No
1225,42.0,84000.0,34.0,HR,3.0,43.0,
1226,44.0,137000.0,25.0,Finance,4.0,33.0,Yes
1227,37.0,142000.0,30.0,Finance,3.0,41.0,
1228,23.0,120000.0,12.0,Sales,,40.0,No
1229,33.0,84000.0,16.0,,3.0,49.0,Yes
1230,36.0,31000.0,26.0,,4.0,65.0,Yes
1231,57.0,129000.0,27.0,IT,,34.0,Yes
1232,36.0,52000.0,14.0,HR,2.0,35.0,Yes
1233,38.0,57000.0,33.0,,,54.0,
1234,44.0,138000.0,29.0,Marketing,5.0,36.0,
1235,56.0,144000.0,2.0,HR,1.0,37.0,Yes
1236,23.0,73000.0,35.0,Finance,5.0,55.0,No
1237,,45000.0,15.0,HR,,32.0,Yes
1238,48.0,136000.0,37.0,Marketing,2.0,49.0,
1239,29.0,71000.0,24.0,Sales,3.0,59.0,Yes
1240,46.0,57000.0,37.0,Marketing,,49.0,
1241,39.0,83000.0,39.0,Marketing,5.0,68.0,Yes
1242,35.0,31000.0,2.0,Sales,,53.0,No
1243,48.0,39000.0,28.0,Sales,,67.0,Yes
1244,46.0,71000.0,28.0,Sales,,43.0,No
1245,45.0,37000.0,20.0,Sales,2.0,63.0,No
1246,61.0,75000.0,9.0,Sales,4.0,69.0,Yes
1247,45.0,43000.0,0.0,Marketing,4.0,65.0,No
1248,46.0,49000.0,10.0,IT,,56.0,No
1249,32.0,99000.0,28.0,IT,2.0,42.0,
1250,56.0,41000.0,34.0,,2.0,32.0,
1251,35.0,50000.0,16.0,IT,,48.0,No
1252,34.0,92000.0,24.0,Finance,5.0,62.0,Yes
1253,,28000.0,5.0,IT,5.0,40.0,No
1254,30.0,72000.0,,Marketing,1.0,61.0,Yes
1255,63.0,70000.0,24.0,Sales,,52.0,
1256,18.0,132000.0,21.0,Sales,1.0,48.0,Yes
1257,44.0,32000.0,24.0,Marketing,5.0,33.0,No
1258,46.0,128000.0,4.0,Finance,5.0,66.0,No
1259,54.0,71000.0,4.0,IT,,58.0,No
1260,20.0,97000.0,6.0,Marketing,1.0,52.0,No
1261,,40000.0,22.0,,1.0,68.0,No
1262,24.0,48000.0,20.0,Sales,,35.0,Yes
1263,45.0,22000.0,17.0,HR,1.0,64.0,No
1264,55.0,77000.0,35.0,,3.0,66.0,
1265,19.0,26000.0,16.0,Finance,5.0,44.0,No
1266,48.0,30000.0,29.0,,4.0,43.0,Yes
1267,26.0,137000.0,35.0,Marketing,2.0,51.0,No
1268,26.0,52000.0,28.0,IT,1.0,40.0,No
1269,35.0,100000.0,31.0,Sales,1.0,57.0,Yes
1270,62.0,116000.0,8.0,Finance,2.0,43.0,No
1271,50.0,145000.0,35.0,Finance,1.0,57.0,Yes
1272,49.0,93000.0,10.0,HR,2.0,49.0,No
1273,39.0,123000.0,28.0,,,43.0,
1274,44.0,67000.0,25.0,HR,3.0,42.0,No
1275,48.0,97000.0,37.0,IT,3.0,44.0,Yes
1276,23.0,111000.0,7.0,IT,5.0,43.0,
1277,45.0,36000.0,19.0,HR,4.0,32.0,Yes
1278,24.0,114000.0,10.0,Sales,1.0,55.0,No
1279,,56000.0,27.0,IT,4.0,51.0,
1280,19.0,105000.0,31.0,HR,,57.0,Yes
1281,40.0,106000.0,13.0,,3.0,69.0,
1282,39.0,68000.0,0.0,HR,,37.0,
1283,24.0,26000.0,37.0,HR,,35.0,Yes
1284,63.0,87000.0,16.0,Marketing,1.0,32.0,
1285,53.0,139000.0,1.0,IT,,33.0,Yes
1286,19.0,82000.0,5.0,Sales,3.0,33.0,
1287,49.0,139000.0,16.0,Sales,4.0,39.0,
1288,44.0,83000.0,36.0,Marketing,3.0,69.0,
1289,63.0,125000.0,35.0,Finance,1.0,56.0,No
1290,24.0,118000.0,31.0,Sales,3.0,44.0,No
1291,50.0,100000.0,29.0,HR,2.0,69.0,Yes
1292,51.0,69000.0,9.0,Marketing,4.0,58.0,
1293,48.0,101000.0,2.0,,2.0,32.0,Yes
1294,40.0,130000.0,16.0,IT,2.0,30.0,No
1295,30.0,74000.0,2.0,IT,5.0,31.0,No
1296,48.0,78000.0,32.0,IT,1.0,49.0,No
1297,62.0,138000.0,27.0,HR,,34.0,No
1298,59.0,41000.0,22.0,,2.0,46.0,Yes
1299,32.0,31000.0,20.0,Marketing,3.0,33.0,
1300,20.0,119000.0,0.0,Marketing,,37.0,Yes
1301,53.0,42000.0,4.0,IT,3.0,48.0,
1302,37.0,126000.0,23.0,,3.0,56.0,No
1303,30.0,29000.0,19.0,,,54.0,
1304,47.0,35000.0,14.0,,,46.0,No
1305,64.0,43000.0,29.0,Sales,3.0,47.0,Yes
1306,34.0,112000.0,12.0,Sales,1.0,31.0,
1307,23.0,39000.0,37.0,IT,4.0,37.0,Yes
1308,26.0,102000.0,26.0,,5.0,64.0,No
1309,23.0,55000.0,30.0,Finance,4.0,59.0,Yes
1310,49.0,60000.0,26.0,,1.0,45.0,No
1311,39.0,119000.0,7.0,Marketing,5.0,51.0,No
1312,37.0,66000.0,20.0,Marketing,,62.0,No
1313,35.0,121000.0,30.0,IT,5.0,69.0,Yes
1314,64.0,46000.0,3.0,Finance,3.0,69.0,Yes
1315,35.0,59000.0,21.0,,4.0,33.0,
1316,52.0,117000.0,3.0,Finance,5.0,43.0,
1317,45.0,65000.0,30.0,IT,3.0,31.0,Yes
1318,34.0,123000.0,8.0,Marketing,1.0,47.0,Yes
1319,18.0,142000.0,37.0,Marketing,5.0,56.0,Yes
1320,,31000.0,13.0,Sales,3.0,31.0,Yes
1321,63.0,118000.0,5.0,IT,1.0,66.0,No
1322,21.0,49000.0,27.0,IT,,32.0,No
1323,36.0,148000.0,1.0,,1.0,52.0,No
1324,27.0,34000.0,17.0,,1.0,59.0,Yes
1325,58.0,91000.0,8.0,Sales,4.0,39.0,No
1326,18.0,72000.0,26.0,HR,3.0,65.0,No
1327,19.0,118000.0,27.0,Finance,5.0,,
1328,39.0,127000.0,13.0,HR,4.0,37.0,
1329,28.0,105000.0,33.0,HR,2.0,45.0,No
1330,36.0,26000.0,4.0,IT,1.0,,No
1331,21.0,25000.0,10.0,Finance,2.0,31.0,No
1332,53.0,54000.0,36.0,IT,4.0,54.0,Yes
1333,54.0,36000.0,11.0,Finance,3.0,59.0,
1334,46.0,21000.0,27.0,Marketing,4.0,54.0,
1335,25.0,46000.0,17.0,IT,3.0,51.0,
1336,50.0,88000.0,1.0,IT,3.0,58.0,No
1337,60.0,46000.0,6.0,IT,,38.0,Yes
1338,51.0,72000.0,6.0,Sales,1.0,36.0,
1339,38.0,83000.0,18.0,IT,4.0,53.0,
1340,60.0,118000.0,2.0,,3.0,50.0,Yes
1341,40.0,39000.0,19.0,,4.0,43.0,No
1342,33.0,31000.0,1.0,Finance,4.0,69.0,No
1343,26.0,75000.0,6.0,Marketing,3.0,38.0,
1344,46.0,67000.0,21.0,Sales,5.0,48.0,
1345,62.0,136000.0,14.0,Finance,2.0,69.0,Yes
1346,39.0,72000.0,11.0,,1.0,51.0,
1347,48.0,71000.0,1.0,Sales,1.0,,Yes
1348,33.0,62000.0,7.0,Sales,5.0,30.0,
1349,33.0,65000.0,12.0,Marketing,,47.0,
1350,30.0,71000.0,11.0,Sales,5.0,42.0,
1351,25.0,92000.0,5.0,IT,,36.0,No
1352,56.0,64000.0,13.0,Sales,,66.0,Yes
1353,18.0,31000.0,5.0,Marketing,5.0,40.0,Yes
1354,61.0,120000.0,36.0,Finance,1.0,54.0,No
1355,41.0,42000.0,32.0,Marketing,2.0,55.0,No
1356,55.0,20000.0,39.0,Marketing,1.0,57.0,No
1357,25.0,99000.0,20.0,,1.0,43.0,Yes
1358,38.0,118000.0,22.0,IT,1.0,,
1359,59.0,149000.0,35.0,,5.0,56.0,No
1360,62.0,129000.0,,Finance,5.0,31.0,No
1361,20.0,120000.0,8.0,HR,5.0,46.0,No
1362,42.0,35000.0,14.0,Finance,1.0,62.0,
1363,45.0,30000.0,6.0,IT,2.0,60.0,
1364,61.0,134000.0,23.0,Sales,,57.0,No
1365,50.0,42000.0,10.0,Marketing,4.0,53.0,
1366,39.0,47000.0,23.0,HR,,54.0,No
1367,53.0,140000.0,15.0,IT,,67.0,
1368,27.0,108000.0,24.0,,4.0,36.0,Yes
1369,22.0,83000.0,12.0,Marketing,1.0,47.0,Yes
1370,34.0,102000.0,39.0,Finance,2.0,50.0,
1371,37.0,137000.0,34.0,,2.0,57.0,Yes
1372,58.0,34000.0,21.0,IT,,61.0,Yes
1373,52.0,122000.0,4.0,IT,4.0,66.0,Yes
1374,57.0,110000.0,3.0,Finance,3.0,63.0,No
1375,54.0,45000.0,23.0,HR,1.0,31.0,
1376,50.0,51000.0,16.0,Finance,,47.0,
1377,33.0,73000.0,11.0,Sales,2.0,38.0,
1378,53.0,25000.0,12.0,,5.0,55.0,Yes
1379,41.0,75000.0,26.0,HR,5.0,43.0,No
1380,54.0,144000.0,16.0,Marketing,4.0,39.0,
1381,28.0,30000.0,26.0,Sales,4.0,54.0,Yes
1382,39.0,34000.0,25.0,HR,,52.0,No
1383,58.0,61000.0,30.0,,3.0,41.0,No
1384,38.0,135000.0,7.0,IT,2.0,60.0,
1385,37.0,129000.0,38.0,Marketing,,65.0,
1386,43.0,69000.0,30.0,Finance,3.0,32.0,Yes
1387,47.0,93000.0,18.0,,4.0,41.0,
1388,22.0,26000.0,26.0,Sales,5.0,37.0,Yes
1389,43.0,63000.0,31.0,Sales,1.0,62.0,No
1390,56.0,77000.0,2.0,IT,5.0,65.0,No
1391,50.0,122000.0,32.0,IT,2.0,35.0,No
1392,28.0,116000.0,1.0,Marketing,2.0,,No
1393,61.0,97000.0,24.0,Finance,5.0,40.0,
1394,23.0,142000.0,6.0,Marketing,5.0,49.0,
1395,26.0,22000.0,4.0,IT,3.0,39.0,Yes
1396,61.0,108000.0,14.0,IT,,42.0,Yes
1397,33.0,122000.0,22.0,Sales,4.0,62.0,Yes
1398,42.0,137000.0,37.0,IT,3.0,62.0,Yes
1399,37.0,74000.0,28.0,HR,1.0,53.0,Yes
1400,44.0,114000.0,11.0,,5.0,32.0,No
1401,62.0,93000.0,3.0,IT,1.0,54.0,No
1402,18.0,50000.0,23.0,Marketing,1.0,44.0,No
1403,59.0,46000.0,18.0,Finance,3.0,38.0,Yes
1404,,40000.0,16.0,Finance,4.0,30.0,No
1405,52.0,35000.0,16.0,Finance,2.0,63.0,No
1406,42.0,77000.0,0.0,HR,,47.0,No
1407,45.0,108000.0,8.0,Marketing,2.0,34.0,No
1408,37.0,124000.0,10.0,HR,4.0,47.0,
1409,27.0,44000.0,11.0,IT,2.0,36.0,Yes
1410,56.0,43000.0,9.0,,5.0,42.0,Yes
1411,27.0,63000.0,17.0,Finance,5.0,38.0,
1412,52.0,101000.0,33.0,Marketing,3.0,31.0,No
1413,55.0,29000.0,37.0,Finance,1.0,66.0,No
1414,56.0,122000.0,24.0,HR,4.0,57.0,No
1415,51.0,86000.0,12.0,Sales,4.0,43.0,Yes
1416,50.0,113000.0,22.0,IT,2.0,51.0,Yes
1417,63.0,83000.0,39.0,,3.0,51.0,Yes
1418,40.0,67000.0,,IT,2.0,46.0,Yes
1419,38.0,70000.0,20.0,Sales,2.0,47.0,Yes
1420,21.0,120000.0,21.0,,4.0,56.0,
1421,49.0,75000.0,17.0,Sales,2.0,54.0,Yes
1422,52.0,65000.0,16.0,IT,1.0,38.0,No
1423,63.0,44000.0,10.0,HR,2.0,32.0,Yes
1424,36.0,132000.0,26.0,IT,1.0,30.0,
1425,35.0,23000.0,26.0,IT,4.0,31.0,No
1426,51.0,102000.0,31.0,IT,3.0,35.0,
1427,59.0,70000.0,17.0,Marketing,5.0,44.0,No
1428,33.0,123000.0,26.0,Sales,1.0,59.0,Yes
1429,61.0,72000.0,35.0,Sales,3.0,38.0,
1430,59.0,33000.0,24.0,Finance,3.0,47.0,No
1431,50.0,79000.0,33.0,Sales,1.0,56.0,Yes
1432,25.0,140000.0,32.0,Finance,4.0,45.0,No
1433,42.0,39000.0,33.0,Marketing,,56.0,
1434,18.0,64000.0,38.0,HR,3.0,47.0,
1435,25.0,56000.0,14.0,Finance,3.0,65.0,
1436,25.0,80000.0,36.0,IT,4.0,51.0,
1437,56.0,104000.0,11.0,HR,4.0,48.0,Yes
1438,33.0,96000.0,21.0,Marketing,2.0,41.0,No
1439,,64000.0,20.0,Sales,4.0,41.0,Yes
1440,41.0,21000.0,14.0,Finance,3.0,39.0,
1441,59.0,24000.0,26.0,IT,1.0,43.0,No
1442,56.0,111000.0,33.0,,,45.0,
1443,58.0,26000.0,6.0,,2.0,56.0,Yes
1444,41.0,126000.0,20.0,HR,1.0,47.0,Yes
1445,55.0,93000.0,19.0,Sales,,32.0,Yes
1446,51.0,95000.0,24.0,,,50.0,No
1447,19.0,68000.0,38.0,HR,,50.0,No
1448,53.0,29000.0,19.0,Marketing,5.0,65.0,
1449,60.0,113000.0,23.0,HR,1.0,67.0,No
1450,60.0,88000.0,39.0,HR,2.0,62.0,No
1451,46.0,34000.0,,HR,2.0,61.0,Yes
1452,54.0,86000.0,4.0,IT,,68.0,
1453,50.0,117000.0,21.0,HR,1.0,61.0,Yes
1454,28.0,66000.0,21.0,Finance,5.0,40.0,
1455,35.0,82000.0,21.0,HR,,30.0,
1456,53.0,108000.0,30.0,IT,4.0,56.0,No
1457,60.0,94000.0,28.0,IT,2.0,38.0,Yes
1458,33.0,119000.0,11.0,Marketing,3.0,50.0,No
1459,26.0,107000.0,16.0,Sales,,45.0,No
1460,63.0,36000.0,21.0,,4.0,54.0,No
1461,28.0,37000.0,13.0,,2.0,31.0,
1462,32.0,73000.0,31.0,HR,5.0,35.0,Yes
1463,40.0,120000.0,19.0,Marketing,1.0,36.0,Yes
1464,35.0,136000.0,37.0,HR,2.0,48.0,No
1465,24.0,22000.0,21.0,,1.0,40.0,
1466,47.0,126000.0,25.0,IT,1.0,63.0,Yes
1467,37.0,133000.0,16.0,Sales,5.0,45.0,Yes
1468,33.0,47000.0,22.0,Marketing,5.0,56.0,No
1469,39.0,77000.0,38.0,IT,,69.0,
1470,53.0,143000.0,5.0,Sales,,38.0,No
1471,32.0,116000.0,18.0,Marketing,2.0,50.0,Yes
1472,22.0,35000.0,25.0,Marketing,5.0,66.0,
1473,24.0,125000.0,4.0,,4.0,61.0,No
1474,41.0,61000.0,25.0,IT,2.0,50.0,Yes
1475,34.0,98000.0,7.0,Marketing,3.0,65.0,No
1476,41.0,26000.0,29.0,Finance,1.0,41.0,No
1477,28.0,124000.0,19.0,Marketing,1.0,55.0,No
1478,31.0,26000.0,24.0,Sales,,43.0,
1479,42.0,114000.0,38.0,,4.0,50.0,Yes
1480,57.0,112000.0,11.0,HR,5.0,58.0,Yes
1481,61.0,83000.0,21.0,,5.0,68.0,Yes
1482,42.0,57000.0,18.0,HR,,65.0,Yes
1483,63.0,99000.0,35.0,IT,3.0,62.0,
1484,48.0,102000.0,26.0,IT,2.0,62.0,No
1485,26.0,106000.0,15.0,Marketing,2.0,63.0,Yes
1486,32.0,104000.0,26.0,Finance,4.0,47.0,
1487,23.0,111000.0,39.0,IT,,36.0,No
1488,33.0,104000.0,0.0,Marketing,,67.0,
1489,39.0,62000.0,23.0,,3.0,61.0,
1490,42.0,92000.0,39.0,IT,2.0,56.0,Yes
1491,37.0,54000.0,4.0,,,65.0,Yes
1492,38.0,119000.0,9.0,,5.0,53.0,No
1493,23.0,122000.0,36.0,Finance,4.0,64.0,No
1494,30.0,84000.0,4.0,IT,2.0,45.0,Yes
1495,31.0,73000.0,9.0,,3.0,52.0,
1496,23.0,109000.0,12.0,Finance,4.0,49.0,Yes
1497,25.0,40000.0,0.0,Finance,1.0,30.0,No
1498,64.0,119000.0,38.0,IT,5.0,59.0,
1499,24.0,139000.0,1.0,Finance,3.0,61.0,
1500,39.0,111000.0,33.0,IT,4.0,58.0,
1501,45.0,126000.0,31.0,IT,,40.0,Yes
1502,34.0,28000.0,22.0,HR,1.0,40.0,Yes
1503,47.0,27000.0,17.0,,3.0,52.0,No
1504,46.0,52000.0,16.0,Sales,,52.0,
1505,55.0,147000.0,22.0,IT,5.0,39.0,
1506,51.0,107000.0,33.0,,1.0,41.0,Yes
1507,34.0,111000.0,,Finance,2.0,55.0,No
1508,58.0,89000.0,34.0,Marketing,,36.0,No
1509,55.0,85000.0,23.0,IT,4.0,38.0,
1510,33.0,135000.0,32.0,Finance,3.0,36.0,Yes
1511,30.0,112000.0,23.0,Finance,1.0,48.0,
1512,47.0,117000.0,14.0,Finance,,36.0,Yes
1513,40.0,131000.0,32.0,Finance,2.0,37.0,No
1514,51.0,121000.0,27.0,Finance,3.0,35.0,
1515,60.0,109000.0,17.0,IT,3.0,42.0,
1516,61.0,108000.0,21.0,Sales,,56.0,
1517,50.0,35000.0,17.0,HR,2.0,30.0,No
1518,19.0,36000.0,23.0,Finance,5.0,36.0,
1519,53.0,134000.0,14.0,Finance,5.0,41.0,No
1520,59.0,111000.0,7.0,HR,1.0,49.0,Yes
1521,56.0,109000.0,,IT,,56.0,No
1522,42.0,100000.0,17.0,,1.0,63.0,Yes
1523,39.0,86000.0,31.0,Marketing,5.0,51.0,No
1524,60.0,132000.0,32.0,Marketing,3.0,43.0,No
1525,55.0,,14.0,,1.0,30.0,
1526,31.0,76000.0,38.0,IT,2.0,40.0,No
1527,20.0,127000.0,16.0,Marketing,4.0,64.0,
1528,45.0,134000.0,32.0,HR,5.0,31.0,Yes
1529,38.0,105000.0,23.0,,5.0,33.0,Yes
1530,41.0,28000.0,4.0,Sales,2.0,31.0,
1531,29.0,77000.0,19.0,IT,1.0,47.0,Yes
1532,34.0,59000.0,4.0,,,30.0,No
1533,49.0,123000.0,30.0,Marketing,3.0,65.0,
1534,32.0,140000.0,39.0,IT,4.0,45.0,
1535,61.0,40000.0,37.0,HR,,42.0,
1536,58.0,116000.0,29.0,IT,,56.0,Yes
1537,60.0,86000.0,8.0,IT,2.0,55.0,Yes
1538,18.0,74000.0,28.0,HR,1.0,38.0,No
1539,51.0,117000.0,16.0,Finance,5.0,31.0,No
1540,58.0,94000.0,22.0,HR,5.0,64.0,
1541,50.0,44000.0,7.0,IT,2.0,66.0,No
1542,46.0,133000.0,29.0,HR,1.0,53.0,Yes
1543,29.0,127000.0,13.0,Finance,2.0,50.0,No
1544,29.0,65000.0,2.0,,5.0,67.0,Yes
1545,34.0,89000.0,38.0,HR,,58.0,No
1546,48.0,58000.0,7.0,HR,3.0,49.0,Yes
1547,48.0,41000.0,7.0,IT,1.0,58.0,Yes
1548,51.0,124000.0,24.0,,4.0,56.0,No
1549,55.0,102000.0,2.0,Sales,4.0,59.0,No
1550,62.0,134000.0,15.0,Sales,,54.0,Yes
1551,45.0,127000.0,14.0,Marketing,2.0,50.0,
1552,45.0,59000.0,13.0,HR,2.0,49.0,No
1553,60.0,130000.0,33.0,HR,5.0,,Yes
1554,32.0,130000.0,3.0,,,65.0,No
1555,60.0,121000.0,3.0,Finance,5.0,41.0,No
1556,63.0,64000.0,18.0,Sales,5.0,49.0,No
1557,26.0,86000.0,13.0,Marketing,4.0,37.0,No
1558,46.0,140000.0,16.0,,5.0,45.0,No
1559,41.0,33000.0,0.0,HR,5.0,49.0,
1560,55.0,147000.0,27.0,Sales,4.0,59.0,
1561,36.0,129000.0,11.0,Marketing,2.0,67.0,
1562,21.0,42000.0,2.0,IT,1.0,50.0,Yes
1563,,45000.0,8.0,Sales,3.0,40.0,
1564,46.0,58000.0,29.0,Marketing,5.0,34.0,
1565,19.0,42000.0,39.0,,1.0,44.0,Yes
1566,61.0,42000.0,6.0,IT,4.0,54.0,
1567,30.0,22000.0,1.0,Marketing,1.0,33.0,No
1568,46.0,85000.0,7.0,Marketing,3.0,37.0,
1569,20.0,52000.0,28.0,HR,1.0,68.0,
1570,34.0,134000.0,9.0,Finance,1.0,42.0,
1571,53.0,41000.0,33.0,Sales,1.0,58.0,No
1572,41.0,127000.0,35.0,HR,1.0,54.0,No
1573,64.0,87000.0,11.0,IT,,57.0,No
1574,,113000.0,34.0,Finance,5.0,47.0,No
1575,62.0,80000.0,11.0,Marketing,4.0,36.0,Yes
1576,31.0,75000.0,10.0,HR,3.0,51.0,No
1577,25.0,72000.0,35.0,Finance,4.0,63.0,No
1578,31.0,88000.0,8.0,Sales,,59.0,No
1579,40.0,119000.0,7.0,IT,,63.0,No
1580,20.0,75000.0,5.0,,,60.0,Yes
1581,28.0,121000.0,0.0,HR,5.0,33.0,
1582,53.0,103000.0,21.0,IT,,44.0,
1583,53.0,79000.0,37.0,,1.0,45.0,No
1584,59.0,21000.0,38.0,HR,4.0,60.0,No
1585,22.0,146000.0,37.0,IT,2.0,66.0,No
1586,55.0,104000.0,19.0,IT,3.0,60.0,
1587,62.0,65000.0,21.0,Finance,,48.0,
1588,40.0,94000.0,27.0,HR,4.0,30.0,No
1589,27.0,56000.0,12.0,IT,,48.0,
1590,29.0,105000.0,24.0,Marketing,5.0,46.0,Yes
1591,50.0,76000.0,3.0,HR,,,No
1592,41.0,68000.0,29.0,IT,,57.0,No
1593,23.0,48000.0,23.0,Finance,,57.0,Yes
1594,20.0,119000.0,29.0,,,47.0,Yes
1595,24.0,43000.0,18.0,,3.0,68.0,
1596,36.0,130000.0,15.0,Marketing,4.0,34.0,Yes
1597,45.0,144000.0,0.0,HR,5.0,67.0,No
1598,61.0,141000.0,23.0,Finance,,36.0,
1599,62.0,65000.0,11.0,IT,,52.0,Yes
1600,26.0,136000.0,37.0,IT,,48.0,
1601,59.0,57000.0,26.0,,,42.0,
1602,50.0,34000.0,4.0,Finance,1.0,33.0,
1603,42.0,40000.0,1.0,Marketing,1.0,69.0,
1604,57.0,72000.0,33.0,,2.0,68.0,Yes
1605,19.0,34000.0,16.0,,,62.0,No
1606,22.0,77000.0,9.0,Marketing,2.0,44.0,No
1607,21.0,49000.0,18.0,HR,3.0,35.0,Yes
1608,21.0,50000.0,3.0,IT,2.0,44.0,No
1609,63.0,27000.0,17.0,HR,4.0,35.0,
1610,39.0,28000.0,20.0,Finance,1.0,55.0,
1611,25.0,35000.0,17.0,Sales,1.0,42.0,
1612,51.0,86000.0,14.0,Sales,,42.0,Yes
1613,36.0,66000.0,22.0,Sales,,61.0,
1614,58.0,129000.0,39.0,Marketing,3.0,61.0,
1615,51.0,141000.0,2.0,,5.0,48.0,Yes
1616,34.0,119000.0,13.0,HR,3.0,64.0,
1617,33.0,120000.0,23.0,IT,4.0,35.0,
1618,40.0,83000.0,33.0,Sales,,60.0,No
1619,19.0,69000.0,12.0,HR,,31.0,Yes
1620,48.0,54000.0,17.0,Sales,3.0,67.0,
1621,51.0,99000.0,36.0,Sales,3.0,57.0,
1622,54.0,145000.0,34.0,IT,3.0,52.0,
1623,29.0,106000.0,5.0,Finance,1.0,50.0,
1624,63.0,122000.0,28.0,Finance,2.0,34.0,No
1625,41.0,33000.0,17.0,Finance,2.0,52.0,No
1626,25.0,114000.0,23.0,Marketing,,68.0,No
1627,20.0,141000.0,14.0,,1.0,51.0,No
1628,30.0,,38.0,Marketing,3.0,66.0,Yes
1629,53.0,140000.0,6.0,HR,,38.0,
1630,50.0,144000.0,16.0,Marketing,1.0,44.0,No
1631,27.0,75000.0,26.0,HR,4.0,39.0,
1632,57.0,99000.0,14.0,HR,5.0,60.0,Yes
1633,19.0,91000.0,17.0,,1.0,34.0,
1634,44.0,88000.0,15.0,IT,,52.0,
1635,45.0,24000.0,11.0,,2.0,61.0,No
1636,25.0,102000.0,5.0,Finance,3.0,40.0,No
1637,19.0,70000.0,25.0,Finance,5.0,55.0,Yes
1638,41.0,21000.0,8.0,Marketing,4.0,66.0,
1639,50.0,99000.0,32.0,HR,5.0,46.0,No
1640,28.0,81000.0,34.0,Sales,5.0,67.0,No
1641,58.0,67000.0,23.0,Sales,1.0,41.0,No
1642,25.0,94000.0,4.0,HR,,68.0,Yes
1643,31.0,130000.0,22.0,,,58.0,
1644,56.0,127000.0,16.0,IT,5.0,69.0,No
1645,41.0,83000.0,21.0,,3.0,41.0,
1646,21.0,99000.0,4.0,HR,,62.0,Yes
1647,27.0,33000.0,27.0,HR,5.0,64.0,
1648,50.0,118000.0,23.0,IT,,58.0,No
1649,40.0,50000.0,15.0,Marketing,3.0,53.0,
1650,31.0,114000.0,22.0,Marketing,4.0,30.0,
1651,54.0,146000.0,9.0,IT,5.0,64.0,Yes
1652,24.0,131000.0,24.0,Marketing,2.0,46.0,Yes
1653,21.0,101000.0,32.0,Sales,2.0,33.0,
1654,64.0,61000.0,26.0,Marketing,5.0,47.0,
1655,42.0,134000.0,1.0,Marketing,1.0,46.0,
1656,34.0,96000.0,9.0,Marketing,4.0,60.0,Yes
1657,22.0,76000.0,36.0,Sales,1.0,49.0,Yes
1658,53.0,51000.0,12.0,Marketing,2.0,38.0,
1659,64.0,32000.0,24.0,Finance,3.0,65.0,Yes
1660,29.0,77000.0,19.0,Sales,5.0,50.0,No
1661,44.0,101000.0,37.0,IT,,41.0,Yes
1662,21.0,139000.0,28.0,,2.0,45.0,Yes
1663,29.0,101000.0,6.0,IT,4.0,37.0,Yes
1664,33.0,45000.0,18.0,,2.0,52.0,No
1665,56.0,98000.0,30.0,IT,4.0,42.0,No
1666,61.0,31000.0,20.0,Finance,4.0,36.0,No
1667,48.0,82000.0,5.0,,5.0,65.0,
1668,45.0,98000.0,7.0,,4.0,47.0,
1669,19.0,141000.0,,HR,1.0,56.0,No
1670,56.0,61000.0,27.0,,3.0,69.0,
1671,50.0,107000.0,6.0,,2.0,58.0,
1672,56.0,113000.0,2.0,HR,3.0,35.0,
1673,43.0,20000.0,33.0,Marketing,,54.0,No
1674,29.0,138000.0,1.0,Marketing,2.0,68.0,Yes
1675,61.0,40000.0,38.0,HR,3.0,39.0,No
1676,49.0,133000.0,5.0,Sales,3.0,42.0,No
1677,22.0,75000.0,25.0,,5.0,49.0,
1678,40.0,90000.0,,,5.0,36.0,
1679,35.0,25000.0,25.0,HR,,31.0,Yes
1680,32.0,137000.0,14.0,HR,4.0,56.0,Yes
1681,56.0,132000.0,36.0,Sales,2.0,57.0,Yes
1682,44.0,34000.0,5.0,Finance,5.0,51.0,Yes
1683,49.0,101000.0,21.0,Marketing,2.0,46.0,No
1684,64.0,90000.0,39.0,IT,,63.0,Yes
1685,57.0,142000.0,9.0,Finance,5.0,41.0,No
1686,29.0,131000.0,31.0,Marketing,5.0,40.0,
1687,59.0,30000.0,34.0,,4.0,33.0,Yes
1688,61.0,144000.0,35.0,Finance,2.0,67.0,
1689,41.0,71000.0,39.0,HR,2.0,39.0,
1690,58.0,93000.0,15.0,Sales,2.0,39.0,No
1691,52.0,45000.0,33.0,Marketing,4.0,59.0,Yes
1692,43.0,115000.0,3.0,Sales,5.0,59.0,No
1693,54.0,23000.0,30.0,Marketing,,41.0,
1694,23.0,75000.0,1.0,Finance,2.0,42.0,Yes
1695,21.0,96000.0,33.0,,3.0,53.0,
1696,59.0,87000.0,12.0,IT,4.0,61.0,
1697,61.0,136000.0,29.0,Sales,1.0,61.0,Yes
1698,47.0,138000.0,29.0,Sales,,43.0,Yes
1699,39.0,77000.0,15.0,IT,3.0,44.0,Yes
1700,58.0,51000.0,22.0,Sales,2.0,66.0,No
1701,26.0,80000.0,21.0,Sales,1.0,34.0,No
1702,48.0,68000.0,16.0,Marketing,,53.0,
1703,59.0,130000.0,12.0,Marketing,4.0,43.0,Yes
1704,46.0,37000.0,13.0,IT,1.0,32.0,
1705,55.0,141000.0,13.0,,5.0,32.0,
1706,47.0,65000.0,4.0,Finance,1.0,58.0,
1707,34.0,51000.0,25.0,Finance,3.0,62.0,
1708,52.0,102000.0,13.0,Sales,,55.0,
1709,18.0,97000.0,34.0,,3.0,59.0,Yes
1710,30.0,32000.0,6.0,IT,3.0,60.0,No
1711,29.0,146000.0,13.0,IT,2.0,67.0,Yes
1712,45.0,72000.0,1.0,Marketing,4.0,37.0,Yes
1713,28.0,47000.0,11.0,Sales,1.0,69.0,Yes
1714,55.0,42000.0,39.0,HR,,36.0,No
1715,18.0,100000.0,32.0,IT,5.0,42.0,No
1716,48.0,81000.0,22.0,Sales,4.0,61.0,No
1717,29.0,123000.0,38.0,,4.0,51.0,Yes
1718,62.0,75000.0,30.0,Marketing,,49.0,No
1719,43.0,80000.0,30.0,Finance,4.0,40.0,
1720,57.0,35000.0,28.0,,2.0,30.0,No
1721,33.0,84000.0,11.0,IT,4.0,41.0,Yes
1722,56.0,24000.0,,IT,2.0,32.0,Yes
1723,47.0,76000.0,32.0,,1.0,48.0,
1724,50.0,87000.0,13.0,IT,1.0,42.0,No
1725,40.0,80000.0,12.0,Sales,3.0,58.0,No
1726,61.0,100000.0,27.0,IT,2.0,57.0,
1727,51.0,89000.0,32.0,Marketing,5.0,36.0,Yes
1728,64.0,149000.0,16.0,Sales,1.0,40.0,Yes
1729,22.0,28000.0,5.0,HR,4.0,69.0,No
1730,35.0,116000.0,27.0,IT,,66.0,No
1731,46.0,107000.0,29.0,IT,,54.0,No
1732,23.0,53000.0,23.0,Marketing,2.0,30.0,No
1733,26.0,20000.0,36.0,Marketing,5.0,68.0,No
1734,57.0,142000.0,12.0,Finance,3.0,42.0,Yes
1735,48.0,42000.0,6.0,,4.0,34.0,Yes
1736,50.0,92000.0,25.0,,2.0,68.0,Yes
1737,44.0,40000.0,0.0,,,59.0,Yes
1738,31.0,57000.0,15.0,Marketing,2.0,45.0,
1739,46.0,38000.0,35.0,,4.0,53.0,Yes
1740,53.0,59000.0,12.0,,5.0,60.0,
1741,45.0,126000.0,23.0,HR,5.0,40.0,Yes
1742,38.0,102000.0,28.0,,1.0,41.0,No
1743,20.0,129000.0,27.0,IT,4.0,47.0,No
1744,36.0,84000.0,18.0,Finance,1.0,53.0,No
1745,48.0,71000.0,19.0,Marketing,1.0,59.0,
1746,52.0,52000.0,20.0,Sales,1.0,65.0,Yes
1747,20.0,85000.0,33.0,Finance,2.0,53.0,Yes
1748,43.0,45000.0,35.0,HR,,44.0,
1749,33.0,28000.0,14.0,Marketing,5.0,66.0,
1750,28.0,91000.0,15.0,Marketing,2.0,51.0,
1751,38.0,114000.0,14.0,IT,,42.0,
1752,33.0,66000.0,0.0,Finance,5.0,34.0,
1753,26.0,88000.0,2.0,Finance,4.0,53.0,No
1754,,118000.0,19.0,,5.0,51.0,Yes
1755,38.0,77000.0,37.0,IT,5.0,40.0,
1756,42.0,20000.0,32.0,,5.0,41.0,No
1757,34.0,83000.0,28.0,,3.0,64.0,
1758,30.0,101000.0,4.0,Marketing,4.0,67.0,No
1759,63.0,28000.0,15.0,Finance,2.0,62.0,
1760,45.0,71000.0,37.0,,2.0,34.0,Yes
1761,28.0,97000.0,23.0,HR,,66.0,
1762,52.0,77000.0,3.0,HR,2.0,68.0,
1763,51.0,66000.0,3.0,Finance,1.0,36.0,Yes
1764,28.0,141000.0,18.0,HR,5.0,36.0,Yes
1765,23.0,40000.0,14.0,Marketing,2.0,68.0,
1766,45.0,118000.0,39.0,IT,,61.0,Yes
1767,27.0,116000.0,35.0,Sales,,62.0,Yes
1768,49.0,43000.0,38.0,,1.0,43.0,No
1769,22.0,46000.0,7.0,Sales,,64.0,Yes
1770,63.0,131000.0,3.0,IT,3.0,63.0,Yes
1771,31.0,63000.0,0.0,IT,5.0,50.0,
1772,48.0,86000.0,7.0,Marketing,5.0,51.0,
1773,27.0,25000.0,34.0,HR,5.0,68.0,No
1774,39.0,67000.0,20.0,HR,4.0,50.0,
1775,42.0,101000.0,20.0,IT,2.0,33.0,Yes
1776,50.0,147000.0,20.0,Marketing,3.0,59.0,Yes
1777,62.0,91000.0,32.0,Marketing,2.0,41.0,Yes
1778,50.0,64000.0,27.0,Finance,3.0,56.0,
1779,45.0,124000.0,36.0,,2.0,48.0,Yes
1780,20.0,50000.0,31.0,HR,1.0,61.0,Yes
1781,33.0,24000.0,16.0,IT,,44.0,No
1782,51.0,92000.0,5.0,Finance,,57.0,No
1783,29.0,132000.0,,Sales,1.0,51.0,No
1784,57.0,45000.0,31.0,HR,3.0,52.0,
1785,55.0,72000.0,,,4.0,62.0,Yes
1786,31.0,103000.0,22.0,Marketing,3.0,35.0,Yes
1787,45.0,145000.0,2.0,IT,,66.0,Yes
1788,45.0,129000.0,2.0,HR,4.0,65.0,No
1789,27.0,33000.0,16.0,Sales,2.0,32.0,Yes
1790,48.0,111000.0,25.0,,4.0,62.0,Yes
1791,18.0,141000.0,30.0,,3.0,50.0,Yes
1792,63.0,91000.0,31.0,Finance,1.0,33.0,Yes
1793,30.0,110000.0,26.0,HR,2.0,51.0,Yes
1794,36.0,35000.0,39.0,Sales,3.0,43.0,
1795,38.0,61000.0,34.0,,2.0,59.0,Yes
1796,27.0,139000.0,4.0,IT,4.0,37.0,
1797,43.0,59000.0,14.0,,,53.0,Yes
1798,19.0,57000.0,32.0,Sales,3.0,53.0,
1799,33.0,131000.0,21.0,Marketing,1.0,49.0,Yes
1800,60.0,129000.0,22.0,Marketing,4.0,37.0,Yes
1801,44.0,65000.0,11.0,Finance,3.0,66.0,Yes
1802,45.0,81000.0,16.0,HR,1.0,50.0,Yes
1803,37.0,128000.0,11.0,Sales,3.0,51.0,No
1804,63.0,87000.0,35.0,Finance,4.0,32.0,Yes
1805,32.0,61000.0,37.0,,3.0,57.0,
1806,53.0,52000.0,15.0,,2.0,43.0,No
1807,36.0,58000.0,13.0,Marketing,4.0,,No
1808,22.0,79000.0,16.0,Finance,3.0,58.0,Yes
1809,35.0,80000.0,21.0,Marketing,,57.0,
1810,21.0,76000.0,28.0,IT,3.0,48.0,
1811,19.0,93000.0,32.0,Marketing,2.0,61.0,No
1812,,34000.0,2.0,IT,1.0,69.0,
1813,54.0,100000.0,1.0,,1.0,64.0,Yes
1814,31.0,112000.0,5.0,Finance,1.0,50.0,Yes
1815,50.0,66000.0,16.0,IT,,41.0,Yes
1816,51.0,100000.0,5.0,Finance,2.0,35.0,Yes
1817,41.0,56000.0,38.0,Finance,4.0,36.0,Yes
1818,40.0,145000.0,4.0,IT,1.0,56.0,No
1819,28.0,37000.0,20.0,HR,2.0,37.0,Yes
1820,34.0,81000.0,,Marketing,3.0,53.0,Yes
1821,31.0,95000.0,2.0,IT,,44.0,No
1822,60.0,149000.0,27.0,,2.0,38.0,No
1823,32.0,120000.0,19.0,Finance,2.0,39.0,No
1824,43.0,83000.0,24.0,Sales,4.0,59.0,
1825,24.0,138000.0,12.0,IT,2.0,40.0,
1826,62.0,109000.0,7.0,Marketing,4.0,59.0,Yes
1827,41.0,26000.0,10.0,Finance,,42.0,Yes
1828,33.0,91000.0,4.0,HR,,60.0,Yes
1829,45.0,125000.0,18.0,,3.0,45.0,
1830,24.0,107000.0,22.0,HR,4.0,63.0,Yes
1831,31.0,57000.0,25.0,Sales,4.0,,Yes
1832,43.0,131000.0,36.0,IT,1.0,57.0,
1833,62.0,46000.0,6.0,Finance,1.0,32.0,No
1834,23.0,115000.0,,IT,3.0,51.0,
1835,19.0,55000.0,22.0,Marketing,,56.0,Yes
1836,45.0,100000.0,5.0,IT,5.0,44.0,
1837,60.0,74000.0,17.0,,1.0,40.0,No
1838,40.0,103000.0,20.0,Sales,2.0,49.0,No
1839,19.0,20000.0,33.0,HR,,45.0,No
1840,36.0,76000.0,28.0,Sales,5.0,68.0,No
1841,62.0,125000.0,27.0,Finance,2.0,41.0,No
1842,31.0,141000.0,20.0,IT,4.0,60.0,No
1843,41.0,132000.0,9.0,Finance,,65.0,Yes
1844,46.0,125000.0,18.0,HR,3.0,43.0,Yes
1845,30.0,55000.0,27.0,Finance,4.0,40.0,
1846,23.0,97000.0,39.0,Marketing,4.0,43.0,Yes
1847,33.0,110000.0,32.0,Sales,2.0,62.0,No
1848,60.0,36000.0,,HR,4.0,34.0,Yes
1849,36.0,116000.0,29.0,HR,1.0,45.0,
1850,52.0,81000.0,28.0,HR,,48.0,No
1851,25.0,22000.0,16.0,,1.0,37.0,Yes
1852,54.0,79000.0,15.0,Sales,2.0,33.0,Yes
1853,64.0,125000.0,36.0,Finance,5.0,51.0,
1854,38.0,72000.0,12.0,HR,2.0,61.0,No
1855,18.0,106000.0,21.0,Sales,,66.0,
1856,40.0,86000.0,23.0,HR,4.0,42.0,No
1857,24.0,147000.0,13.0,Marketing,3.0,45.0,No
1858,27.0,73000.0,20.0,Marketing,2.0,47.0,Yes
1859,29.0,21000.0,1.0,Marketing,,61.0,
1860,33.0,139000.0,17.0,IT,3.0,,
1861,24.0,147000.0,32.0,HR,4.0,41.0,
1862,37.0,120000.0,33.0,IT,5.0,55.0,No
1863,34.0,56000.0,,Sales,2.0,34.0,
1864,46.0,103000.0,19.0,IT,5.0,34.0,No
1865,34.0,110000.0,27.0,Sales,,61.0,
1866,62.0,39000.0,4.0,Sales,5.0,58.0,
1867,63.0,127000.0,35.0,Sales,5.0,63.0,Yes
1868,47.0,65000.0,,Finance,,51.0,
1869,54.0,102000.0,,IT,,38.0,Yes
1870,48.0,101000.0,25.0,Finance,2.0,47.0,Yes
1871,27.0,53000.0,19.0,HR,5.0,56.0,No
1872,61.0,87000.0,14.0,IT,3.0,51.0,
1873,41.0,147000.0,38.0,HR,,32.0,
1874,49.0,45000.0,24.0,HR,4.0,48.0,
1875,54.0,74000.0,14.0,Sales,5.0,47.0,Yes
1876,57.0,41000.0,26.0,IT,,55.0,
1877,24.0,39000.0,,HR,3.0,62.0,No
1878,27.0,79000.0,34.0,Marketing,2.0,32.0,No
1879,38.0,81000.0,8.0,HR,5.0,66.0,
1880,40.0,140000.0,15.0,Marketing,,35.0,Yes
1881,57.0,70000.0,21.0,IT,,35.0,No
1882,33.0,106000.0,5.0,Finance,4.0,54.0,No
1883,28.0,73000.0,5.0,IT,4.0,54.0,Yes
1884,62.0,64000.0,13.0,Finance,5.0,47.0,No
1885,48.0,50000.0,32.0,Finance,,37.0,Yes
1886,31.0,73000.0,2.0,IT,5.0,48.0,No
1887,32.0,114000.0,12.0,HR,,44.0,Yes
1888,38.0,54000.0,12.0,,4.0,45.0,No
1889,44.0,128000.0,14.0,HR,3.0,50.0,
1890,36.0,124000.0,5.0,HR,1.0,41.0,No
1891,49.0,76000.0,30.0,Sales,1.0,40.0,No
1892,26.0,57000.0,17.0,Sales,,38.0,
1893,56.0,98000.0,0.0,HR,4.0,,
1894,48.0,115000.0,8.0,Marketing,2.0,60.0,
1895,49.0,131000.0,15.0,Finance,2.0,58.0,
1896,18.0,79000.0,35.0,Sales,1.0,36.0,Yes
1897,49.0,24000.0,10.0,HR,3.0,49.0,Yes
1898,49.0,127000.0,4.0,,1.0,50.0,No
1899,57.0,53000.0,20.0,Marketing,,46.0,No
1900,29.0,57000.0,30.0,IT,3.0,30.0,No
1901,46.0,136000.0,39.0,HR,2.0,37.0,Yes
1902,49.0,23000.0,18.0,HR,4.0,31.0,No
1903,29.0,105000.0,,Finance,4.0,54.0,No
1904,42.0,94000.0,4.0,Marketing,,49.0,Yes
1905,38.0,75000.0,17.0,Sales,1.0,58.0,No
1906,55.0,145000.0,16.0,Sales,,56.0,Yes
1907,18.0,47000.0,4.0,Sales,4.0,64.0,Yes
1908,54.0,105000.0,31.0,IT,2.0,54.0,
1909,55.0,64000.0,21.0,Marketing,4.0,62.0,
1910,42.0,134000.0,21.0,Marketing,3.0,36.0,Yes
1911,62.0,130000.0,24.0,Sales,5.0,38.0,Yes
1912,31.0,63000.0,11.0,Sales,4.0,42.0,
1913,50.0,122000.0,5.0,Finance,4.0,68.0,No
1914,58.0,103000.0,13.0,,5.0,43.0,No
1915,60.0,126000.0,25.0,,3.0,45.0,No
1916,56.0,36000.0,24.0,HR,1.0,46.0,Yes
1917,27.0,112000.0,31.0,HR,4.0,60.0,
1918,19.0,51000.0,13.0,Marketing,,66.0,No
1919,22.0,144000.0,34.0,Marketing,4.0,51.0,
1920,25.0,140000.0,25.0,IT,,51.0,
1921,22.0,133000.0,3.0,IT,3.0,63.0,Yes
1922,25.0,46000.0,0.0,,4.0,67.0,No
1923,55.0,29000.0,31.0,HR,3.0,43.0,
1924,47.0,65000.0,14.0,,3.0,52.0,Yes
1925,48.0,145000.0,21.0,,1.0,56.0,Yes
1926,57.0,136000.0,36.0,HR,4.0,44.0,Yes
1927,28.0,144000.0,14.0,IT,,44.0,No
1928,24.0,90000.0,12.0,Finance,,68.0,No
1929,24.0,125000.0,27.0,Finance,4.0,67.0,Yes
1930,44.0,51000.0,24.0,Finance,5.0,34.0,No
1931,36.0,37000.0,33.0,HR,1.0,30.0,No
1932,63.0,92000.0,13.0,Sales,1.0,41.0,
1933,23.0,116000.0,1.0,Sales,1.0,37.0,Yes
1934,27.0,147000.0,21.0,Sales,,62.0,Yes
1935,36.0,111000.0,27.0,Marketing,3.0,45.0,No
1936,32.0,66000.0,32.0,IT,5.0,55.0,Yes
1937,20.0,82000.0,31.0,IT,1.0,57.0,Yes
1938,22.0,79000.0,39.0,Marketing,,65.0,Yes
1939,38.0,57000.0,39.0,,,50.0,No
1940,42.0,146000.0,21.0,Finance,3.0,52.0,No
1941,19.0,106000.0,5.0,Sales,4.0,35.0,No
1942,57.0,44000.0,1.0,Finance,4.0,62.0,
1943,58.0,35000.0,30.0,Sales,1.0,40.0,Yes
1944,30.0,89000.0,29.0,Finance,1.0,51.0,
1945,27.0,31000.0,16.0,,5.0,43.0,No
1946,34.0,87000.0,5.0,Finance,3.0,61.0,
1947,28.0,44000.0,39.0,Finance,1.0,41.0,Yes
1948,39.0,67000.0,,HR,3.0,51.0,Yes
1949,28.0,25000.0,12.0,Finance,,66.0,No
1950,29.0,76000.0,30.0,HR,1.0,60.0,No
1951,41.0,67000.0,4.0,IT,,63.0,
1952,61.0,121000.0,37.0,Marketing,2.0,,No
1953,35.0,71000.0,8.0,Finance,3.0,33.0,
1954,62.0,80000.0,5.0,IT,2.0,41.0,Yes
1955,52.0,35000.0,24.0,HR,1.0,33.0,Yes
1956,61.0,43000.0,32.0,Finance,,60.0,Yes
1957,24.0,149000.0,28.0,Finance,1.0,49.0,Yes
1958,45.0,47000.0,34.0,,2.0,52.0,Yes
1959,48.0,135000.0,19.0,IT,1.0,46.0,
1960,60.0,44000.0,15.0,Sales,5.0,49.0,Yes
1961,34.0,142000.0,31.0,Sales,4.0,38.0,
1962,22.0,43000.0,8.0,,2.0,52.0,Yes
1963,34.0,72000.0,10.0,HR,1.0,68.0,
1964,35.0,91000.0,14.0,Sales,,49.0,
1965,38.0,138000.0,39.0,Sales,1.0,53.0,
1966,53.0,74000.0,30.0,Marketing,,51.0,No
1967,48.0,83000.0,13.0,IT,4.0,50.0,
1968,57.0,111000.0,25.0,HR,1.0,32.0,
1969,19.0,104000.0,26.0,Finance,4.0,62.0,Yes
1970,44.0,98000.0,15.0,IT,2.0,34.0,
1971,26.0,126000.0,0.0,HR,,56.0,
1972,51.0,136000.0,34.0,Sales,5.0,59.0,No
1973,45.0,101000.0,5.0,Marketing,2.0,63.0,Yes
1974,31.0,33000.0,11.0,IT,,67.0,No
1975,49.0,149000.0,13.0,Sales,4.0,51.0,No
1976,23.0,48000.0,23.0,HR,3.0,34.0,No
1977,28.0,75000.0,21.0,IT,1.0,44.0,
1978,46.0,146000.0,20.0,Finance,4.0,30.0,No
1979,37.0,66000.0,24.0,IT,,52.0,No
1980,47.0,40000.0,31.0,Sales,,45.0,Yes
1981,40.0,24000.0,9.0,IT,,,Yes
1982,36.0,122000.0,8.0,Finance,,34.0,Yes
1983,53.0,54000.0,23.0,Marketing,1.0,33.0,Yes
1984,20.0,97000.0,35.0,Marketing,2.0,57.0,No
1985,44.0,134000.0,36.0,Sales,5.0,40.0,Yes
1986,60.0,75000.0,39.0,HR,3.0,67.0,
1987,36.0,67000.0,22.0,Sales,1.0,31.0,No
1988,40.0,100000.0,38.0,Marketing,,,Yes
1989,48.0,84000.0,31.0,,1.0,55.0,No
1990,57.0,95000.0,15.0,,4.0,52.0,Yes
1991,52.0,63000.0,22.0,IT,5.0,47.0,No
1992,50.0,97000.0,35.0,Finance,,36.0,Yes
1993,52.0,38000.0,0.0,IT,3.0,30.0,
1994,18.0,141000.0,30.0,,,58.0,Yes
1995,31.0,85000.0,22.0,Marketing,5.0,58.0,No
1996,50.0,101000.0,7.0,IT,3.0,67.0,No
1997,52.0,21000.0,2.0,Sales,5.0,60.0,
1998,22.0,82000.0,15.0,Finance,3.0,,No
1999,55.0,58000.0,15.0,Sales,2.0,66.0,
2000,58.0,77000.0,28.0,Finance,2.0,41.0,No
